{"skeleton":{"hash":"t9+C/saJAjA","spine":"4.1.17","x":-292.12,"y":-17.29,"width":600.5,"height":1392.85,"images":"../in spine back/","audio":"../in spine back/"},"bones":[{"name":"root","rotation":-0.08,"x":4.43,"y":0.35},{"name":"body","parent":"root","length":142.01,"rotation":89.36,"x":7.31,"y":485.32},{"name":"body2","parent":"body","length":155.59,"rotation":179.13,"x":-81.58,"y":-3.9},{"name":"body3","parent":"body","length":127.8,"rotation":-8.4,"x":178.13,"y":-21.75},{"name":"arm","parent":"body3","length":143.82,"rotation":177.18,"x":53.1,"y":211.37},{"name":"arm2","parent":"arm","length":131.98,"rotation":2.79,"x":180.93,"y":-5.51},{"name":"arm3","parent":"arm2","length":65.49,"rotation":16,"x":185.93,"y":-0.14},{"name":"head","parent":"body3","length":209.81,"rotation":15,"x":300.31,"y":66.79},{"name":"head2","parent":"head","length":73.64,"rotation":43.61,"x":220.76,"y":164.82},{"name":"head3","parent":"head","length":58.03,"rotation":-48.79,"x":230.72,"y":-129.53},{"name":"head4","parent":"head","length":82.8,"rotation":143.93,"x":61.37,"y":187.74},{"name":"head5","parent":"head","length":55.49,"rotation":-167.09,"x":52.4,"y":-157.87},{"name":"left foot","parent":"body","length":146.83,"rotation":-176.67,"x":-296.36,"y":89.46},{"name":"left foot2","parent":"left foot","length":67.4,"rotation":-121.5,"x":141.79,"y":-23.41},{"name":"left foot3","parent":"left foot2","length":51.68,"rotation":-20.82,"x":88.23,"y":-3.15},{"name":"right foot","parent":"body","length":123.14,"rotation":-177.07,"x":-260.97,"y":-82.41},{"name":"right foot2","parent":"right foot","length":74,"rotation":-120.9,"x":97.45,"y":-26.56},{"name":"right foot3","parent":"right foot2","length":47.35,"rotation":-18.07,"x":96.08,"y":-1.41},{"name":"backpack","parent":"body3","length":195.19,"rotation":6.3,"x":-124.83,"y":-98.81},{"name":"backpack2","parent":"backpack","length":123.21,"rotation":48.42,"x":207.59,"y":153.22},{"name":"backpack3","parent":"backpack","length":42.97,"rotation":11.07,"x":248.08,"y":-42.11},{"name":"backpack4","parent":"backpack","length":93.88,"rotation":-161.64,"x":22.62,"y":-92.44}],"slots":[{"name":"right foot","bone":"right foot","attachment":"right foot"},{"name":"left foot","bone":"left foot","attachment":"left foot"},{"name":"red body","bone":"body","attachment":"red"},{"name":"turquoise body","bone":"body","attachment":"turquoise"},{"name":"yellow body","bone":"body","attachment":"yellow"},{"name":"purple body","bone":"body","attachment":"purple"},{"name":"backpack","bone":"backpack4","attachment":"backpack"},{"name":"head","bone":"head","attachment":"head"},{"name":"red arm","bone":"arm","attachment":"red"},{"name":"yellow arm","bone":"arm","attachment":"yellow"},{"name":"turquoise arm","bone":"arm","attachment":"turquoise"},{"name":"purple arm","bone":"arm","attachment":"purple"},{"name":"blur head","bone":"root","attachment":"blur head"},{"name":"blur body","bone":"root","attachment":"blur body"},{"name":"blur right foot","bone":"root","attachment":"blur right foot"},{"name":"blur left foot","bone":"root","attachment":"blur left foot"},{"name":"blur left arm","bone":"root","attachment":"blur left arm"},{"name":"blur right arm","bone":"root","attachment":"blur right arm"},{"name":"blur side body","bone":"root","attachment":"blur side body"},{"name":"blur side feet","bone":"root","attachment":"blur side feet"},{"name":"blur side head","bone":"root","attachment":"blur side head"},{"name":"right foot-","bone":"right foot","attachment":"right foot-"},{"name":"left foot-","bone":"left foot","attachment":"left foot-"},{"name":"left arm","bone":"root","attachment":"left arm"},{"name":"body-","bone":"root","attachment":"body-"},{"name":"head-","bone":"root","attachment":"head-"},{"name":"backpack-","bone":"root","attachment":"backpack-"},{"name":"right arm","bone":"root","attachment":"right arm"}],"skins":[{"name":"default","attachments":{"backpack":{"backpack":{"type":"mesh","uvs":[0.8442,0.10979,0.92155,0.16198,0.93154,0.26865,0.93121,0.59579,0.93117,0.63895,1,1,0.87813,1,0.80264,0.89386,0.66932,0.91742,0.31776,0.90514,0.23362,0.87282,1.0E-5,0.94918,0.00213,0.74877,0.21516,0.72652,0.27684,0.39458,0.06109,0.16788,0,0.07837,0.08197,0,0.18674,0.03812,0.39337,0.21851,0.57229,0.22341,0.6875,0.21796,0.75995,0.05294,0.8624,0.74324,0.84197,0.26358,0.3581,0.70992,0.43167,0.40736,0.8254,0.73451,0.80959,0.25402,0.85923,0.66887],"triangles":[23,29,4,5,6,23,7,23,6,5,23,4,21,22,0,1,24,0,15,16,17,15,17,18,19,15,18,14,15,19,26,19,20,14,19,26,3,29,24,28,21,0,24,28,0,24,1,2,3,24,2,25,14,26,13,14,25,29,27,28,29,28,24,10,13,25,26,20,21,21,8,26,25,26,8,8,21,27,7,27,23,27,21,28,9,10,25,8,9,25,27,7,8,10,11,12,10,12,13,27,29,23,4,29,3],"vertices":[1,20,37.85,-30.32,1,3,18,270.31,-98.67,0.00141,20,10.96,-59.77,0.9961,21,-233.13,83.93,0.0025,1,18,224.92,-105.11,1,2,18,85.05,-111.66,0.99429,21,-53.2,37.91,0.00571,1,21,-35.42,32.92,1,1,21,121.32,19.62,1,2,18,-88.83,-97.3,0.00464,21,107.31,-30.5,0.99536,2,18,-45,-62.93,0.98286,21,54.88,-49.31,0.01714,1,18,-57.79,-6.55,1,1,18,-59.72,143.65,1,2,18,-47.62,180.19,0.84072,19,-149.18,208.81,0.15928,2,18,-85.04,278.27,0.83975,19,-100.65,301.89,0.16025,2,18,0.68,281.47,0.83767,19,-41.37,239.89,0.16233,2,18,14.54,191.07,0.80317,19,-99.79,169.52,0.19683,2,18,157.71,171.55,0.18011,19,-19.38,49.47,0.81989,1,19,114.31,44.42,1,1,19,159.74,35.23,1,1,19,158.14,-13.22,1,1,19,114.73,-32.8,1,2,18,235.36,125.45,0.12609,19,-2.34,-39.2,0.87391,3,18,236.92,49.04,0.74534,19,-58.46,-91.08,0.23689,20,6.54,91.6,0.01777,3,18,241.6,0.01,0.50825,19,-92.03,-127.12,0.01782,20,1.73,42.59,0.47393,1,20,67.13,1.75,1,1,21,-0.34,-7.38,1,1,18,225.25,-66.8,1,1,18,24.56,130.44,1,2,18,155.41,105.25,0.48043,19,-70.51,7.2,0.51957,1,18,23.59,-69.38,1,1,18,228.68,-52.8,1,2,18,52.34,-82.46,0.99714,21,-31.36,-0.11,0.00286],"hull":23,"edges":[32,34,34,36,36,38,42,44,8,10,8,46,10,12,46,12,16,18,42,16,2,0,0,44,0,48,2,4,48,4,30,32,30,36,22,24,26,24,28,30,38,28,28,26,18,50,26,50,52,50,28,52,38,40,40,42,52,40,46,54,12,14,14,16,54,14,42,56,56,48,54,56,18,20,20,22,26,20,46,58,58,48,4,6,6,8,58,6],"width":427,"height":428}},"backpack-":{"backpack-":{"x":67.76,"y":681.65,"width":470,"height":354}},"blur body":{"blur body":{"x":-2.23,"y":542.4,"width":441,"height":716}},"blur head":{"blur head":{"x":-3.15,"y":1044.2,"width":468,"height":356}},"blur left arm":{"blur left arm":{"x":-213.08,"y":557.55,"width":135,"height":521}},"blur left foot":{"blur left foot":{"x":53.23,"y":110.74,"width":156,"height":189}},"blur right arm":{"blur right arm":{"x":179.52,"y":573.25,"width":174,"height":522}},"blur right foot":{"blur right foot":{"x":-15.59,"y":110.65,"width":296,"height":207}},"blur side body":{"blur side body":{"x":-10.04,"y":546.29,"width":471,"height":700}},"blur side feet":{"blur side feet":{"x":-56.1,"y":468.94,"width":328,"height":877}},"blur side head":{"blur side head":{"x":-35.33,"y":1111.38,"width":409,"height":527}},"body-":{"body-":{"x":12.04,"y":557.13,"width":410,"height":693}},"head":{"head":{"type":"mesh","uvs":[1,0.2759,1,0.43827,1,0.46751,0.99999,0.69757,0.92617,0.73281,0.94138,0.83412,0.64019,0.91107,0.17492,0.92215,0.1593,0.92253,1.0E-5,0.84467,1.0E-5,0.7379,0.06991,0.59266,0.11669,0.49544,0.07195,0.34196,0,0.09951,0.04674,0.06527,0.13587,0,0.30632,0.09283,0.50742,0.04647,0.61522,0.04722,0.75711,0.0482,0.89414,0,0.94712,0.0191,1,0.03816,0.18426,0.77685,0.63028,0.75269,0.30411,0.56988,0.66031,0.48465,0.1972,0.20882,0.28995,0.29636,0.86124,0.1485,0.92578,0.51104,0.63895,0.23395,0.91751,0.51472,0.91916,0.73686,0.91858,0.49237,0.32484,0.56492,0.21091,0.77541],"triangles":[29,13,28,13,14,28,28,14,15,29,28,17,15,16,28,28,16,17,0,30,23,30,22,23,30,21,22,30,20,21,3,4,31,4,33,31,3,31,2,31,35,2,7,8,24,24,8,9,9,10,24,24,10,11,26,24,11,26,37,24,6,7,37,6,37,25,6,34,5,6,25,34,34,4,5,37,36,25,37,26,36,34,27,33,34,25,27,25,36,27,34,33,4,11,12,26,36,26,29,26,12,29,36,29,27,33,35,31,33,27,35,29,12,13,2,35,1,29,32,27,0,1,35,30,35,32,35,27,32,0,35,30,32,18,19,32,29,18,29,17,18,32,20,30,32,19,20,7,24,37],"vertices":[1,7,169.27,-194.36,1,2,7,99.5,-187.07,0.91143,11,-40.37,37.97,0.08857,2,7,86.94,-185.76,0.47143,11,-28.31,34.19,0.52857,1,11,66.51,4.44,1,1,11,71.07,-31.88,1,2,7,-67.83,-143.01,0.98286,11,114.88,-38.44,0.01714,1,7,-86.78,-4.45,1,2,7,-69.74,204.75,0.98857,10,115.99,63.43,0.01143,2,7,-69.17,211.77,0.02,10,119.66,57.42,0.98,1,10,126.6,-21.6,1,1,10,86.69,-44.73,1,2,10,16.6,-48.93,0.9744,8,-54.45,151.63,0.0256,3,7,116.33,211.71,0.99429,10,-30.32,-51.74,0.00408,8,-43.27,105.98,0.00163,1,8,15.08,68.59,1,1,8,107.7,9.9,1,1,8,101.25,-15.03,1,2,7,328.31,180.87,0.00636,8,88.93,-62.56,0.99364,2,7,280.43,108.58,0.00571,8,4.41,-81.88,0.99429,3,7,290.92,16.29,0.99714,9,-70.03,141.36,8.0E-4,8,-51.65,-155.94,0.00205,1,7,285.55,-32.03,1,2,7,278.48,-95.63,0.71293,9,5.97,58.26,0.28707,2,7,292.77,-159.26,0.00121,9,63.25,27.09,0.99879,1,9,73.44,3.96,1,2,11,-205.29,89.71,0.00202,9,83.61,-19.13,0.99798,1,10,59.57,35.6,1,1,7,-18.27,-7.12,1,3,7,75.56,130.98,0.99714,10,-44.89,37.52,0.00237,8,-128.47,75.65,4.8E-4,1,7,95.49,-32.62,1,1,8,9.38,-11.82,1,1,7,193.75,125.06,1,3,7,230.51,-137.84,0.32857,11,-178.54,15.73,0.00512,9,6.11,-5.63,0.6663,1,11,-20.39,-3.37,1,1,7,204.21,-34.29,1,1,7,70.52,-146.64,1,3,7,-25,-137.41,0.99143,10,-121.6,313.68,0,11,71.8,-35.42,0.00857,1,7,80.07,-148.12,1,3,7,76.72,121.46,0.99731,10,-51.43,44.53,0.00223,8,-134.2,67.96,4.6E-4,1,7,-8.38,182.02,1],"hull":24,"edges":[32,34,28,26,26,24,36,34,18,20,18,16,16,48,20,48,12,50,40,42,4,6,20,22,22,24,52,22,48,52,50,54,36,38,38,40,28,30,30,32,26,56,56,34,30,56,24,58,58,36,56,58,60,40,42,44,44,46,44,60,4,62,6,8,62,8,10,12,8,10,38,64,64,54,58,64,64,60,0,46,60,0,58,52,54,66,66,62,8,68,68,50,66,68,60,70,70,62,0,2,2,4,70,2,52,72,72,54,48,74,74,50,72,74,12,14,14,16,74,14],"width":451,"height":432}},"head-":{"head-":{"x":1.34,"y":1072.99,"width":439,"height":404}},"left arm":{"left arm":{"x":-177.61,"y":608.81,"width":161,"height":474}},"left foot":{"left foot":{"type":"mesh","uvs":[0.98624,0.22932,0.97594,0.51324,0.96464,0.82473,0.8687,0.98213,0.71669,1,0.40864,0.84182,0.23124,0.73988,0.09937,0.68587,0,0.57976,0.08775,0.47653,0.18303,0.36444,0.38136,0.40954,0.44891,0.48983,0.49225,0.50431,0.48059,0.43863,0.44239,0.22357,0.43038,0.0176,0.71846,0.01556,0.99999,0.00766,0.25604,0.53302,0.37342,0.61088,0.46942,0.70817,0.7352,0.35543,0.72602,0.70603,0.72959,0.56951],"triangles":[6,7,19,8,9,7,7,9,19,9,10,19,19,11,12,19,10,11,23,5,21,5,6,21,6,20,21,6,19,20,21,20,13,13,20,12,20,19,12,4,5,23,4,23,3,3,23,2,2,23,1,1,23,24,23,13,24,24,22,1,22,24,14,1,22,0,24,13,14,22,14,15,15,17,22,22,17,0,0,17,18,15,16,17,21,13,23],"vertices":[1,12,23.87,63.41,1,1,12,90.41,58.04,1,1,12,163.41,52.14,1,2,12,199.38,29.52,0.94871,13,-75.22,21.45,0.05129,2,12,202.02,-3.78,0.75459,13,-48.21,41.1,0.24541,3,12,161.74,-69.12,1.0E-5,13,28.54,40.89,0.99985,14,-71.45,19.94,1.3E-4,2,13,73.98,38.54,0.65557,14,-28.15,33.9,0.34443,2,13,105.28,41.27,0.13253,14,0.14,47.58,0.86747,2,13,136.28,29.86,2.6E-4,14,33.17,47.94,0.99974,1,14,39.27,17.65,1,2,13,125.7,-33.7,5.2E-4,14,45.89,-15.24,0.99948,3,12,59.99,-70.29,0.02213,13,82.71,-45.25,0.2639,14,9.81,-41.32,0.71397,3,12,79.52,-56.47,0.16867,13,60.72,-35.82,0.56451,14,-14.1,-40.32,0.26682,1,12,83.36,-47.19,1,1,12,67.83,-49.01,1,2,12,16.95,-54.95,0.99267,13,92.12,-89.96,0.00733,1,12,-31.52,-55.29,1,1,12,-29.05,7.46,1,1,12,-28.02,68.85,1,3,12,87.69,-98.94,2.3E-4,13,92.67,-6.66,0.00944,14,5.39,-1.71,0.99033,3,12,107.17,-74.24,0.0059,13,61.43,-2.96,0.98564,14,-25.12,-9.35,0.00846,1,13,32.07,6.99,1,1,12,50.9,7.36,1,1,12,133.11,1.49,1,1,12,101.1,3.77,1],"hull":19,"edges":[20,22,0,36,4,6,12,10,12,14,14,16,16,18,18,20,14,38,38,22,18,38,12,40,40,24,38,40,10,42,40,42,26,24,26,42,24,22,34,36,0,44,34,44,4,46,46,26,6,8,8,10,46,8,30,44,32,34,30,32,44,48,48,46,0,2,2,4,48,2,26,28,28,30,48,28],"width":218,"height":235}},"left foot-":{"left foot-":{"x":20.06,"y":-23.16,"rotation":87.31,"width":187,"height":250}},"right arm":{"right arm":{"type":"mesh","uvs":[1,1,0,1,0,0,1,0],"triangles":[1,2,3,0,1,3],"vertices":[234.8,295.65,86.8,295.65,86.8,790.65,234.8,790.65],"hull":4,"edges":[0,2,2,4,4,6,0,6],"width":148,"height":495}},"right foot":{"right foot":{"type":"mesh","uvs":[0.94885,0.50665,0.91165,0.70622,0.93287,0.85854,0.71409,1,0.54398,0.97565,0.20036,0.79726,0.08111,0.73535,0.04117,0.71462,1.0E-5,0.69325,0.0032,0.4605,0.08631,0.34045,0.2326,0.39257,0.38068,0.44533,0.35133,0.253,0.46491,0.26789,0.67366,0.17264,0.96164,0.11852,0.69816,0.59927,0.70539,0.74392,0.53468,0.67598,0.49939,0.54289,0.41034,0.47885,0.35229,0.60204,0.43794,0.63286,0.45223,0.50898,0.16565,0.52637],"triangles":[25,10,11,9,10,25,12,25,11,8,9,25,7,8,25,6,7,25,22,25,12,23,22,24,23,20,19,6,25,22,5,6,22,5,22,23,5,23,19,4,5,19,22,12,21,12,13,14,21,12,14,0,15,16,24,21,14,17,20,14,15,17,14,24,14,20,0,17,15,19,20,17,1,17,0,18,17,1,19,17,18,18,1,2,4,19,18,3,4,18,2,3,18,23,24,20,22,21,24],"vertices":[1,15,48.01,50.45,1,1,15,93.19,41.46,1,1,15,128.06,44.16,1,2,15,158.6,0.69,0.94034,16,-54.78,38.48,0.05966,2,15,151.74,-31.9,0.55744,16,-23.3,49.32,0.44256,2,16,54.4,45.37,0.93925,17,-54.14,31.55,0.06075,2,16,81.36,44,0.63154,17,-28.08,38.61,0.36846,2,16,90.4,43.55,0.49543,17,-19.35,40.98,0.50457,2,16,99.7,43.07,0.40406,17,-10.36,43.42,0.59594,1,17,27.83,6.56,1,3,15,3.5,-114.37,1.0E-5,16,123.6,-35.52,0.01159,17,36.74,-23.89,0.9884,3,15,16.5,-86.63,0.03401,16,93.12,-38.61,0.29276,17,8.73,-36.28,0.67323,1,15,29.66,-58.56,1,1,15,-14.38,-62.46,1,1,15,-10.11,-40.7,1,2,15,-30.2,0.43,0.99939,16,42.4,-123.39,6.1E-4,1,15,-40.31,56.46,1,1,15,67.18,1.27,1,1,15,100.19,1.34,1,2,15,83.4,-30.96,0.14361,16,11,-9.8,0.85639,1,15,52.8,-36.55,1,1,15,37.53,-53.14,1,3,15,65.14,-65.46,0.03437,16,49.97,-7.74,0.96532,17,-41.87,-20.32,3.1E-4,2,15,72.82,-49.22,0.0694,16,32.1,-9.49,0.9306,1,15,44.71,-45.34,1,3,15,46.46,-100.76,0.00292,16,89.86,-5.64,0.25432,17,-4.6,-5.95,0.74277],"hull":17,"edges":[26,24,0,32,6,8,6,4,4,2,2,0,30,32,0,34,30,34,16,18,18,20,6,36,36,34,38,36,8,38,40,34,38,40,26,28,28,30,40,28,36,2,24,42,42,44,44,12,8,10,10,12,38,46,46,44,10,46,40,48,48,42,46,48,20,22,22,24,18,50,50,44,22,50,12,14,14,16,50,14],"width":193,"height":228}},"right foot-":{"right foot-":{"type":"mesh","uvs":[1,1,0,1,0,0,1,0],"triangles":[1,2,3,1,3,0],"vertices":[242.7,40.32,235.03,-151.52,-63.74,-139.57,-56.06,52.27],"hull":4,"edges":[0,2,2,4,4,6,0,6],"width":192,"height":299}}}},{"name":"purple","attachments":{"purple arm":{"purple":{"name":"arm3","type":"mesh","uvs":[1,0.10028,0.92396,0.41877,0.91404,0.46031,0.90138,0.51336,0.86202,0.67823,0.60609,0.89431,0.54298,0.90081,0.50188,1,0.34565,1,0.17495,1,0.0902,0.78964,0.02495,0.72994,0,0.58646,0.07427,0.45945,0.09959,0.41614,0.12018,0.38092,0.30136,0.07105,0.53239,0,0.86367,0,0.63631,0.08506,0.419,0.67903,0.35835,0.85978,0.47972,0.51308,0.49604,0.46846,0.51397,0.41946,0.37966,0.82388],"triangles":[21,10,25,6,21,25,9,10,21,8,9,21,6,8,21,7,8,6,23,14,24,13,14,23,22,13,23,3,23,2,22,23,3,12,13,22,4,22,3,20,12,22,20,22,4,11,12,20,25,10,11,20,25,11,4,25,20,5,25,4,5,6,25,19,17,18,16,17,19,19,18,0,15,16,19,1,19,0,24,15,19,1,24,19,14,15,24,2,24,1,23,24,2],"vertices":[1,4,-25.34,57.36,1,2,4,136.59,76.6,0.81709,5,-38.07,87.78,0.18291,2,4,157.71,79.11,0.63358,5,-16.81,88.63,0.36642,2,4,184.68,82.32,0.37497,5,10.32,89.7,0.62503,3,4,268.51,92.28,0.01742,5,94.68,93.04,0.94418,6,-62.02,114.73,0.0384,1,5,210.2,58.91,1,2,5,215.02,47.45,0.01714,6,41.09,37.72,0.98286,1,6,89.92,22.39,1,1,6,85.45,-6.95,1,1,6,80.57,-39.02,1,2,5,169.79,-45.12,0.01429,6,-27.91,-38.8,0.98571,2,5,141.18,-61.32,0.98857,6,-59.88,-46.47,0.01143,2,5,69.22,-75.38,0.99955,6,-132.93,-40.15,4.5E-4,2,4,190.07,-77.13,0.10578,5,3.17,-69.68,0.89422,2,4,167.47,-76.96,0.29308,5,-19.35,-67.73,0.70692,2,4,149.08,-76.83,0.49573,5,-37.67,-66.15,0.50427,1,4,-12.65,-75.61,1,1,4,-57.14,-40.1,1,1,4,-70.07,21.5,1,1,4,-18.74,-11.86,1,1,5,105.85,9.62,1,2,5,198.75,9.98,0.01429,6,15.11,6.19,0.98571,2,4,201,3.88,0.02532,5,20.43,10.23,0.97468,2,4,178.1,2.24,0.15062,5,-2.53,10.39,0.84938,2,4,152.94,0.44,0.81781,5,-27.75,10.57,0.18219,2,5,180.07,11.66,0.99131,6,-2.37,12.95,0.00869],"hull":19,"edges":[34,32,34,36,0,36,20,18,12,14,0,38,38,32,8,40,40,24,12,42,42,20,14,16,16,18,42,16,24,26,44,40,26,44,6,8,44,6,26,28,46,44,28,46,4,6,46,4,28,30,30,32,38,48,48,46,30,48,0,2,2,4,48,2,20,22,22,24,40,50,50,42,22,50,8,10,10,12,50,10],"width":182,"height":502}},"purple body":{"purple":{"name":"body3","type":"mesh","uvs":[0.60924,0.3114,0.60775,0.39783,0.60007,0.44149,0.59653,0.48282,0.5984,0.55353,0.60138,0.59072,0.60478,0.63519,0.52166,0.73457,0.44344,0.70909,0.41222,0.66171,0.41877,0.6202,0.4271,0.56944,0.43903,0.47972,0.44002,0.44452,0.44111,0.40749,0.43951,0.32615,0.43724,0.21147,0.4674,0.16512,0.51848,0.14178,0.6122,0.13945,0.51986,0.66731,0.44648,0.64288,0.4491,0.5867,0.52097,0.60654,0.45493,0.48424,0.52033,0.49345,0.45792,0.45189,0.52012,0.46155,0.45925,0.41604,0.51989,0.41818,0.46217,0.32622,0.51939,0.32124],"triangles":[30,31,29,14,15,30,1,31,0,17,31,30,30,15,16,30,16,17,17,18,31,31,18,0,0,18,19,22,24,25,24,11,12,25,3,4,25,24,27,24,26,27,25,27,3,24,12,26,3,27,2,12,13,26,27,26,29,26,28,29,27,29,2,26,13,28,13,14,28,2,29,1,28,30,29,29,31,1,28,14,30,8,20,7,6,20,5,6,7,20,8,21,20,8,9,21,20,23,5,20,21,23,9,10,21,21,22,23,21,10,22,10,11,22,23,22,25,23,4,5,23,25,4,22,11,24],"vertices":[3,2,-299.66,201.36,1.2E-4,1,242.61,-173.3,0.21142,3,63.93,-180.61,0.78846,3,2,-179.35,206.38,0.0344,1,123,-191.75,0.61952,3,-54.49,-201.6,0.34608,3,2,-121.91,187.01,0.12241,1,64.28,-179.63,0.73509,3,-113.8,-190.52,0.1425,3,2,-72.05,174.23,0.31163,1,14.4,-173.92,0.65469,3,-164.95,-185.64,0.03368,3,2,6.98,175.06,0.72959,1,-62.81,-186.93,0.27035,3,-245.13,-200.07,6.0E-5,2,2,49.42,183.34,0.8794,1,-103.89,-201.49,0.1206,2,2,103,193.11,0.95087,1,-155.85,-218.62,0.04913,1,2,231.13,10.13,1,2,2,203.64,-167.31,0.99315,1,-303.03,125.15,0.00685,2,2,145.07,-240.17,0.9652,1,-254.31,204.87,0.0348,2,2,91.47,-227.51,0.92634,1,-199.34,199.13,0.07366,3,2,23.68,-212.02,0.79016,1,-129.69,191.92,0.20945,3,-314.89,192.5,3.9E-4,3,2,-99.92,-184.97,0.31031,1,-4.09,179.1,0.63382,3,-184.93,178.32,0.05586,3,2,-146.58,-179.42,0.1455,1,42,179.2,0.71407,3,-137.58,177.83,0.14044,3,2,-192.2,-173.92,0.04912,1,87.06,179.91,0.66382,3,-91.66,177.7,0.28706,3,2,-285.19,-180.34,2.2E-4,1,178.32,200.33,0.29555,3,-0.44,195.9,0.70423,2,1,312.6,235.5,0.02672,3,132.6,229.42,0.97328,2,1,380.06,178.77,0.00164,3,199.83,172.51,0.99836,1,3,246.83,63.45,1,1,3,282.92,-144.81,1,1,2,146.79,3.84,1,2,2,119.62,-163.64,0.95736,1,-219.04,132.39,0.04264,3,2,46.57,-161.43,0.83869,1,-145.89,139.29,0.16127,3,-331.66,138.01,3.0E-5,1,2,70.43,4.34,1,3,2,-92.04,-149.09,0.30692,1,-7.19,143.13,0.64523,3,-188.04,141.27,0.04784,2,2,-69.75,-0.59,0.05461,1,-9.95,-4.12,0.94539,3,2,-134.52,-139.14,0.15117,1,35.38,138.47,0.73658,3,-144.27,136.12,0.11225,2,1,30.01,-3.22,0.99965,3,-149.34,-9.47,3.5E-4,3,2,-179.4,-132.77,0.05335,1,79.77,138.06,0.70962,3,-98.94,135.17,0.23702,2,1,84.47,-1.93,0.9888,3,-93.3,-7.92,0.0112,3,2,-283.97,-129.36,2.0E-5,1,183.79,150.14,0.28266,3,5.03,145.21,0.71733,2,1,204.8,31.93,0.01062,3,24.61,25.67,0.98938],"hull":20,"edges":[36,38,14,40,40,10,10,12,14,12,14,16,42,40,16,42,34,36,44,42,46,40,44,46,10,8,46,8,32,34,20,42,16,18,20,18,20,22,44,22,22,24,48,44,24,48,50,46,48,50,8,6,50,6,24,26,52,48,26,52,54,50,52,54,6,4,54,4,26,28,56,52,28,56,58,54,56,58,4,2,58,2,28,30,30,32,34,60,60,56,30,60,36,62,62,58,60,62,2,0,0,38,62,0],"width":2247,"height":1248}}}},{"name":"red","attachments":{"red arm":{"red":{"name":"arm","type":"mesh","uvs":[1,0.10028,0.92396,0.41877,0.91404,0.46031,0.90138,0.51336,0.86202,0.67823,0.60609,0.89431,0.54298,0.90081,0.50188,1,0.34565,1,0.17495,1,0.0902,0.78964,0.02495,0.72994,0,0.58646,0.07427,0.45945,0.09959,0.41614,0.12018,0.38092,0.30136,0.07105,0.53239,0,0.86367,0,0.63631,0.08506,0.419,0.67903,0.35835,0.85978,0.47972,0.51308,0.49604,0.46846,0.51397,0.41946,0.37966,0.82388],"triangles":[21,10,25,6,21,25,9,10,21,8,9,21,6,8,21,7,8,6,23,14,24,13,14,23,22,13,23,3,23,2,22,23,3,12,13,22,4,22,3,20,12,22,20,22,4,11,12,20,25,10,11,20,25,11,4,25,20,5,25,4,5,6,25,19,17,18,16,17,19,19,18,0,15,16,19,1,19,0,24,15,19,1,24,19,14,15,24,2,24,1,23,24,2],"vertices":[1,4,-25.34,57.36,1,2,4,136.59,76.6,0.81709,5,-38.07,87.78,0.18291,2,4,157.71,79.11,0.63358,5,-16.81,88.63,0.36642,2,4,184.68,82.32,0.37497,5,10.32,89.7,0.62503,3,4,268.51,92.28,0.01742,5,94.68,93.04,0.94418,6,-62.02,114.73,0.0384,1,5,210.2,58.91,1,2,5,215.02,47.45,0.01714,6,41.09,37.72,0.98286,1,6,89.92,22.39,1,1,6,85.45,-6.95,1,1,6,80.57,-39.02,1,2,5,169.79,-45.12,0.01429,6,-27.91,-38.8,0.98571,2,5,141.18,-61.32,0.98857,6,-59.88,-46.47,0.01143,2,5,69.22,-75.38,0.99955,6,-132.93,-40.15,4.5E-4,2,4,190.07,-77.13,0.10578,5,3.17,-69.68,0.89422,2,4,167.47,-76.96,0.29308,5,-19.35,-67.73,0.70692,2,4,149.08,-76.83,0.49573,5,-37.67,-66.15,0.50427,1,4,-12.65,-75.61,1,1,4,-57.14,-40.1,1,1,4,-70.07,21.5,1,1,4,-18.74,-11.86,1,1,5,105.85,9.62,1,2,5,198.75,9.98,0.01429,6,15.11,6.19,0.98571,2,4,201,3.88,0.02532,5,20.43,10.23,0.97468,2,4,178.1,2.24,0.15062,5,-2.53,10.39,0.84938,2,4,152.94,0.44,0.81781,5,-27.75,10.57,0.18219,2,5,180.07,11.66,0.99131,6,-2.37,12.95,0.00869],"hull":19,"edges":[34,32,34,36,0,36,20,18,12,14,0,38,38,32,8,40,40,24,12,42,42,20,14,16,16,18,42,16,24,26,44,40,26,44,6,8,44,6,26,28,46,44,28,46,4,6,46,4,28,30,30,32,38,48,48,46,30,48,0,2,2,4,48,2,20,22,22,24,40,50,50,42,22,50,8,10,10,12,50,10],"width":190,"height":510},"yellow":{"name":"arm2","type":"mesh","uvs":[1,0.10028,0.92396,0.41877,0.91404,0.46031,0.90138,0.51336,0.86202,0.67823,0.60609,0.89431,0.54298,0.90081,0.50188,1,0.34565,1,0.17495,1,0.0902,0.78964,0.02495,0.72994,0,0.58646,0.07427,0.45945,0.09959,0.41614,0.12018,0.38092,0.30136,0.07105,0.53239,0,0.86367,0,0.63631,0.08506,0.419,0.67903,0.35835,0.85978,0.47972,0.51308,0.49604,0.46846,0.51397,0.41946,0.37966,0.82388],"triangles":[21,10,25,6,21,25,9,10,21,8,9,21,6,8,21,7,8,6,23,14,24,13,14,23,22,13,23,3,23,2,22,23,3,12,13,22,4,22,3,20,12,22,20,22,4,11,12,20,25,10,11,20,25,11,4,25,20,5,25,4,5,6,25,19,17,18,16,17,19,19,18,0,15,16,19,1,19,0,24,15,19,1,24,19,14,15,24,2,24,1,23,24,2],"vertices":[1,4,-25.34,57.36,1,2,4,136.59,76.6,0.81709,5,-38.07,87.78,0.18291,2,4,157.71,79.11,0.63358,5,-16.81,88.63,0.36642,2,4,184.68,82.32,0.37497,5,10.32,89.7,0.62503,3,4,268.51,92.28,0.01742,5,94.68,93.04,0.94418,6,-62.02,114.73,0.0384,1,5,210.2,58.91,1,2,5,215.02,47.45,0.01714,6,41.09,37.72,0.98286,1,6,89.92,22.39,1,1,6,85.45,-6.95,1,1,6,80.57,-39.02,1,2,5,169.79,-45.12,0.01429,6,-27.91,-38.8,0.98571,2,5,141.18,-61.32,0.98857,6,-59.88,-46.47,0.01143,2,5,69.22,-75.38,0.99955,6,-132.93,-40.15,4.5E-4,2,4,190.07,-77.13,0.10578,5,3.17,-69.68,0.89422,2,4,167.47,-76.96,0.29308,5,-19.35,-67.73,0.70692,2,4,149.08,-76.83,0.49573,5,-37.67,-66.15,0.50427,1,4,-12.65,-75.61,1,1,4,-57.14,-40.1,1,1,4,-70.07,21.5,1,1,4,-18.74,-11.86,1,1,5,105.85,9.62,1,2,5,198.75,9.98,0.01429,6,15.11,6.19,0.98571,2,4,201,3.88,0.02532,5,20.43,10.23,0.97468,2,4,178.1,2.24,0.15062,5,-2.53,10.39,0.84938,2,4,152.94,0.44,0.81781,5,-27.75,10.57,0.18219,2,5,180.07,11.66,0.99131,6,-2.37,12.95,0.00869],"hull":19,"edges":[34,32,34,36,0,36,20,18,12,14,0,38,38,32,8,40,40,24,12,42,42,20,14,16,16,18,42,16,24,26,44,40,26,44,6,8,44,6,26,28,46,44,28,46,4,6,46,4,28,30,30,32,38,48,48,46,30,48,0,2,2,4,48,2,20,22,22,24,40,50,50,42,22,50,8,10,10,12,50,10],"width":182,"height":502},"purple":{"name":"arm3","type":"mesh","uvs":[1,0.10028,0.92396,0.41877,0.91404,0.46031,0.90138,0.51336,0.86202,0.67823,0.60609,0.89431,0.54298,0.90081,0.50188,1,0.34565,1,0.17495,1,0.0902,0.78964,0.02495,0.72994,0,0.58646,0.07427,0.45945,0.09959,0.41614,0.12018,0.38092,0.30136,0.07105,0.53239,0,0.86367,0,0.63631,0.08506,0.419,0.67903,0.35835,0.85978,0.47972,0.51308,0.49604,0.46846,0.51397,0.41946,0.37966,0.82388],"triangles":[21,10,25,6,21,25,9,10,21,8,9,21,6,8,21,7,8,6,23,14,24,13,14,23,22,13,23,3,23,2,22,23,3,12,13,22,4,22,3,20,12,22,20,22,4,11,12,20,25,10,11,20,25,11,4,25,20,5,25,4,5,6,25,19,17,18,16,17,19,19,18,0,15,16,19,1,19,0,24,15,19,1,24,19,14,15,24,2,24,1,23,24,2],"vertices":[1,4,-25.34,57.36,1,2,4,136.59,76.6,0.81709,5,-38.07,87.78,0.18291,2,4,157.71,79.11,0.63358,5,-16.81,88.63,0.36642,2,4,184.68,82.32,0.37497,5,10.32,89.7,0.62503,3,4,268.51,92.28,0.01742,5,94.68,93.04,0.94418,6,-62.02,114.73,0.0384,1,5,210.2,58.91,1,2,5,215.02,47.45,0.01714,6,41.09,37.72,0.98286,1,6,89.92,22.39,1,1,6,85.45,-6.95,1,1,6,80.57,-39.02,1,2,5,169.79,-45.12,0.01429,6,-27.91,-38.8,0.98571,2,5,141.18,-61.32,0.98857,6,-59.88,-46.47,0.01143,2,5,69.22,-75.38,0.99955,6,-132.93,-40.15,4.5E-4,2,4,190.07,-77.13,0.10578,5,3.17,-69.68,0.89422,2,4,167.47,-76.96,0.29308,5,-19.35,-67.73,0.70692,2,4,149.08,-76.83,0.49573,5,-37.67,-66.15,0.50427,1,4,-12.65,-75.61,1,1,4,-57.14,-40.1,1,1,4,-70.07,21.5,1,1,4,-18.74,-11.86,1,1,5,105.85,9.62,1,2,5,198.75,9.98,0.01429,6,15.11,6.19,0.98571,2,4,201,3.88,0.02532,5,20.43,10.23,0.97468,2,4,178.1,2.24,0.15062,5,-2.53,10.39,0.84938,2,4,152.94,0.44,0.81781,5,-27.75,10.57,0.18219,2,5,180.07,11.66,0.99131,6,-2.37,12.95,0.00869],"hull":19,"edges":[34,32,34,36,0,36,20,18,12,14,0,38,38,32,8,40,40,24,12,42,42,20,14,16,16,18,42,16,24,26,44,40,26,44,6,8,44,6,26,28,46,44,28,46,4,6,46,4,28,30,30,32,38,48,48,46,30,48,0,2,2,4,48,2,20,22,22,24,40,50,50,42,22,50,8,10,10,12,50,10],"width":182,"height":502},"turquoise":{"name":"arm4","type":"mesh","uvs":[1,0.10028,0.92396,0.41877,0.91404,0.46031,0.90138,0.51336,0.86202,0.67823,0.60609,0.89431,0.54298,0.90081,0.50188,1,0.34565,1,0.17495,1,0.0902,0.78964,0.02495,0.72994,0,0.58646,0.07427,0.45945,0.09959,0.41614,0.12018,0.38092,0.30136,0.07105,0.53239,0,0.86367,0,0.63631,0.08506,0.419,0.67903,0.35835,0.85978,0.47972,0.51308,0.49604,0.46846,0.51397,0.41946,0.37966,0.82388],"triangles":[21,10,25,6,21,25,9,10,21,8,9,21,6,8,21,7,8,6,23,14,24,13,14,23,22,13,23,3,23,2,22,23,3,12,13,22,4,22,3,20,12,22,20,22,4,11,12,20,25,10,11,20,25,11,4,25,20,5,25,4,5,6,25,19,17,18,16,17,19,19,18,0,15,16,19,1,19,0,24,15,19,1,24,19,14,15,24,2,24,1,23,24,2],"vertices":[1,4,-25.34,57.36,1,2,4,136.59,76.6,0.81709,5,-38.07,87.78,0.18291,2,4,157.71,79.11,0.63358,5,-16.81,88.63,0.36642,2,4,184.68,82.32,0.37497,5,10.32,89.7,0.62503,3,4,268.51,92.28,0.01742,5,94.68,93.04,0.94418,6,-62.02,114.73,0.0384,1,5,210.2,58.91,1,2,5,215.02,47.45,0.01714,6,41.09,37.72,0.98286,1,6,89.92,22.39,1,1,6,85.45,-6.95,1,1,6,80.57,-39.02,1,2,5,169.79,-45.12,0.01429,6,-27.91,-38.8,0.98571,2,5,141.18,-61.32,0.98857,6,-59.88,-46.47,0.01143,2,5,69.22,-75.38,0.99955,6,-132.93,-40.15,4.5E-4,2,4,190.07,-77.13,0.10578,5,3.17,-69.68,0.89422,2,4,167.47,-76.96,0.29308,5,-19.35,-67.73,0.70692,2,4,149.08,-76.83,0.49573,5,-37.67,-66.15,0.50427,1,4,-12.65,-75.61,1,1,4,-57.14,-40.1,1,1,4,-70.07,21.5,1,1,4,-18.74,-11.86,1,1,5,105.85,9.62,1,2,5,198.75,9.98,0.01429,6,15.11,6.19,0.98571,2,4,201,3.88,0.02532,5,20.43,10.23,0.97468,2,4,178.1,2.24,0.15062,5,-2.53,10.39,0.84938,2,4,152.94,0.44,0.81781,5,-27.75,10.57,0.18219,2,5,180.07,11.66,0.99131,6,-2.37,12.95,0.00869],"hull":19,"edges":[34,32,34,36,0,36,20,18,12,14,0,38,38,32,8,40,40,24,12,42,42,20,14,16,16,18,42,16,24,26,44,40,26,44,6,8,44,6,26,28,46,44,28,46,4,6,46,4,28,30,30,32,38,48,48,46,30,48,0,2,2,4,48,2,20,22,22,24,40,50,50,42,22,50,8,10,10,12,50,10],"width":182,"height":502}},"red body":{"red":{"name":"body","type":"mesh","uvs":[0.60924,0.3114,0.60775,0.39783,0.60007,0.44149,0.59653,0.48282,0.5984,0.55353,0.60138,0.59072,0.60478,0.63519,0.52166,0.73457,0.44344,0.70909,0.41222,0.66171,0.41877,0.6202,0.4271,0.56944,0.43903,0.47972,0.44002,0.44452,0.44111,0.40749,0.43951,0.32615,0.43724,0.21147,0.4674,0.16512,0.51848,0.14178,0.6122,0.13945,0.51986,0.66731,0.44648,0.64288,0.4491,0.5867,0.52097,0.60654,0.45493,0.48424,0.52033,0.49345,0.45792,0.45189,0.52012,0.46155,0.45925,0.41604,0.51989,0.41818,0.46217,0.32622,0.51939,0.32124],"triangles":[30,31,29,14,15,30,1,31,0,17,31,30,30,15,16,30,16,17,17,18,31,31,18,0,0,18,19,22,24,25,24,11,12,25,3,4,25,24,27,24,26,27,25,27,3,24,12,26,3,27,2,12,13,26,27,26,29,26,28,29,27,29,2,26,13,28,13,14,28,2,29,1,28,30,29,29,31,1,28,14,30,8,20,7,6,20,5,6,7,20,8,21,20,8,9,21,20,23,5,20,21,23,9,10,21,21,22,23,21,10,22,10,11,22,23,22,25,23,4,5,23,25,4,22,11,24],"vertices":[3,2,-299.66,201.36,1.2E-4,1,242.61,-173.3,0.21142,3,63.93,-180.61,0.78846,3,2,-179.35,206.38,0.0344,1,123,-191.75,0.61952,3,-54.49,-201.6,0.34608,3,2,-121.91,187.01,0.12241,1,64.28,-179.63,0.73509,3,-113.8,-190.52,0.1425,3,2,-72.05,174.23,0.31163,1,14.4,-173.92,0.65469,3,-164.95,-185.64,0.03368,3,2,6.98,175.06,0.72959,1,-62.81,-186.93,0.27035,3,-245.13,-200.07,6.0E-5,2,2,49.42,183.34,0.8794,1,-103.89,-201.49,0.1206,2,2,103,193.11,0.95087,1,-155.85,-218.62,0.04913,1,2,231.13,10.13,1,2,2,203.64,-167.31,0.99315,1,-303.03,125.15,0.00685,2,2,145.07,-240.17,0.9652,1,-254.31,204.87,0.0348,2,2,91.47,-227.51,0.92634,1,-199.34,199.13,0.07366,3,2,23.68,-212.02,0.79016,1,-129.69,191.92,0.20945,3,-314.89,192.5,3.9E-4,3,2,-99.92,-184.97,0.31031,1,-4.09,179.1,0.63382,3,-184.93,178.32,0.05586,3,2,-146.58,-179.42,0.1455,1,42,179.2,0.71407,3,-137.58,177.83,0.14044,3,2,-192.2,-173.92,0.04912,1,87.06,179.91,0.66382,3,-91.66,177.7,0.28706,3,2,-285.19,-180.34,2.2E-4,1,178.32,200.33,0.29555,3,-0.44,195.9,0.70423,2,1,312.6,235.5,0.02672,3,132.6,229.42,0.97328,2,1,380.06,178.77,0.00164,3,199.83,172.51,0.99836,1,3,246.83,63.45,1,1,3,282.92,-144.81,1,1,2,146.79,3.84,1,2,2,119.62,-163.64,0.95736,1,-219.04,132.39,0.04264,3,2,46.57,-161.43,0.83869,1,-145.89,139.29,0.16127,3,-331.66,138.01,3.0E-5,1,2,70.43,4.34,1,3,2,-92.04,-149.09,0.30692,1,-7.19,143.13,0.64523,3,-188.04,141.27,0.04784,2,2,-69.75,-0.59,0.05461,1,-9.95,-4.12,0.94539,3,2,-134.52,-139.14,0.15117,1,35.38,138.47,0.73658,3,-144.27,136.12,0.11225,2,1,30.01,-3.22,0.99965,3,-149.34,-9.47,3.5E-4,3,2,-179.4,-132.77,0.05335,1,79.77,138.06,0.70962,3,-98.94,135.17,0.23702,2,1,84.47,-1.93,0.9888,3,-93.3,-7.92,0.0112,3,2,-283.97,-129.36,2.0E-5,1,183.79,150.14,0.28266,3,5.03,145.21,0.71733,2,1,204.8,31.93,0.01062,3,24.61,25.67,0.98938],"hull":20,"edges":[36,38,14,40,40,10,10,12,14,12,14,16,42,40,16,42,34,36,44,42,46,40,44,46,10,8,46,8,32,34,20,42,16,18,20,18,20,22,44,22,22,24,48,44,24,48,50,46,48,50,8,6,50,6,24,26,52,48,26,52,54,50,52,54,6,4,54,4,26,28,56,52,28,56,58,54,56,58,4,2,58,2,28,30,30,32,34,60,60,56,30,60,36,62,62,58,60,62,2,0,0,38,62,0],"width":2255,"height":1256},"yellow":{"name":"body2","type":"mesh","uvs":[0.60924,0.3114,0.60775,0.39783,0.60007,0.44149,0.59653,0.48282,0.5984,0.55353,0.60138,0.59072,0.60478,0.63519,0.52166,0.73457,0.44344,0.70909,0.41222,0.66171,0.41877,0.6202,0.4271,0.56944,0.43903,0.47972,0.44002,0.44452,0.44111,0.40749,0.43951,0.32615,0.43724,0.21147,0.4674,0.16512,0.51848,0.14178,0.6122,0.13945,0.51986,0.66731,0.44648,0.64288,0.4491,0.5867,0.52097,0.60654,0.45493,0.48424,0.52033,0.49345,0.45792,0.45189,0.52012,0.46155,0.45925,0.41604,0.51989,0.41818,0.46217,0.32622,0.51939,0.32124],"triangles":[30,31,29,14,15,30,1,31,0,17,31,30,30,15,16,30,16,17,17,18,31,31,18,0,0,18,19,22,24,25,24,11,12,25,3,4,25,24,27,24,26,27,25,27,3,24,12,26,3,27,2,12,13,26,27,26,29,26,28,29,27,29,2,26,13,28,13,14,28,2,29,1,28,30,29,29,31,1,28,14,30,8,20,7,6,20,5,6,7,20,8,21,20,8,9,21,20,23,5,20,21,23,9,10,21,21,22,23,21,10,22,10,11,22,23,22,25,23,4,5,23,25,4,22,11,24],"vertices":[3,2,-299.66,201.36,1.2E-4,1,242.61,-173.3,0.21142,3,63.93,-180.61,0.78846,3,2,-179.35,206.38,0.0344,1,123,-191.75,0.61952,3,-54.49,-201.6,0.34608,3,2,-121.91,187.01,0.12241,1,64.28,-179.63,0.73509,3,-113.8,-190.52,0.1425,3,2,-72.05,174.23,0.31163,1,14.4,-173.92,0.65469,3,-164.95,-185.64,0.03368,3,2,6.98,175.06,0.72959,1,-62.81,-186.93,0.27035,3,-245.13,-200.07,6.0E-5,2,2,49.42,183.34,0.8794,1,-103.89,-201.49,0.1206,2,2,103,193.11,0.95087,1,-155.85,-218.62,0.04913,1,2,231.13,10.13,1,2,2,203.64,-167.31,0.99315,1,-303.03,125.15,0.00685,2,2,145.07,-240.17,0.9652,1,-254.31,204.87,0.0348,2,2,91.47,-227.51,0.92634,1,-199.34,199.13,0.07366,3,2,23.68,-212.02,0.79016,1,-129.69,191.92,0.20945,3,-314.89,192.5,3.9E-4,3,2,-99.92,-184.97,0.31031,1,-4.09,179.1,0.63382,3,-184.93,178.32,0.05586,3,2,-146.58,-179.42,0.1455,1,42,179.2,0.71407,3,-137.58,177.83,0.14044,3,2,-192.2,-173.92,0.04912,1,87.06,179.91,0.66382,3,-91.66,177.7,0.28706,3,2,-285.19,-180.34,2.2E-4,1,178.32,200.33,0.29555,3,-0.44,195.9,0.70423,2,1,312.6,235.5,0.02672,3,132.6,229.42,0.97328,2,1,380.06,178.77,0.00164,3,199.83,172.51,0.99836,1,3,246.83,63.45,1,1,3,282.92,-144.81,1,1,2,146.79,3.84,1,2,2,119.62,-163.64,0.95736,1,-219.04,132.39,0.04264,3,2,46.57,-161.43,0.83869,1,-145.89,139.29,0.16127,3,-331.66,138.01,3.0E-5,1,2,70.43,4.34,1,3,2,-92.04,-149.09,0.30692,1,-7.19,143.13,0.64523,3,-188.04,141.27,0.04784,2,2,-69.75,-0.59,0.05461,1,-9.95,-4.12,0.94539,3,2,-134.52,-139.14,0.15117,1,35.38,138.47,0.73658,3,-144.27,136.12,0.11225,2,1,30.01,-3.22,0.99965,3,-149.34,-9.47,3.5E-4,3,2,-179.4,-132.77,0.05335,1,79.77,138.06,0.70962,3,-98.94,135.17,0.23702,2,1,84.47,-1.93,0.9888,3,-93.3,-7.92,0.0112,3,2,-283.97,-129.36,2.0E-5,1,183.79,150.14,0.28266,3,5.03,145.21,0.71733,2,1,204.8,31.93,0.01062,3,24.61,25.67,0.98938],"hull":20,"edges":[36,38,14,40,40,10,10,12,14,12,14,16,42,40,16,42,34,36,44,42,46,40,44,46,10,8,46,8,32,34,20,42,16,18,20,18,20,22,44,22,22,24,48,44,24,48,50,46,48,50,8,6,50,6,24,26,52,48,26,52,54,50,52,54,6,4,54,4,26,28,56,52,28,56,58,54,56,58,4,2,58,2,28,30,30,32,34,60,60,56,30,60,36,62,62,58,60,62,2,0,0,38,62,0],"width":2247,"height":1248},"turquoise":{"name":"body4","type":"mesh","uvs":[0.60924,0.3114,0.60775,0.39783,0.60007,0.44149,0.59653,0.48282,0.5984,0.55353,0.60138,0.59072,0.60478,0.63519,0.52166,0.73457,0.44344,0.70909,0.41222,0.66171,0.41877,0.6202,0.4271,0.56944,0.43903,0.47972,0.44002,0.44452,0.44111,0.40749,0.43951,0.32615,0.43724,0.21147,0.4674,0.16512,0.51848,0.14178,0.6122,0.13945,0.51986,0.66731,0.44648,0.64288,0.4491,0.5867,0.52097,0.60654,0.45493,0.48424,0.52033,0.49345,0.45792,0.45189,0.52012,0.46155,0.45925,0.41604,0.51989,0.41818,0.46217,0.32622,0.51939,0.32124],"triangles":[30,31,29,14,15,30,1,31,0,17,31,30,30,15,16,30,16,17,17,18,31,31,18,0,0,18,19,22,24,25,24,11,12,25,3,4,25,24,27,24,26,27,25,27,3,24,12,26,3,27,2,12,13,26,27,26,29,26,28,29,27,29,2,26,13,28,13,14,28,2,29,1,28,30,29,29,31,1,28,14,30,8,20,7,6,20,5,6,7,20,8,21,20,8,9,21,20,23,5,20,21,23,9,10,21,21,22,23,21,10,22,10,11,22,23,22,25,23,4,5,23,25,4,22,11,24],"vertices":[3,2,-299.66,201.36,1.2E-4,1,242.61,-173.3,0.21142,3,63.93,-180.61,0.78846,3,2,-179.35,206.38,0.0344,1,123,-191.75,0.61952,3,-54.49,-201.6,0.34608,3,2,-121.91,187.01,0.12241,1,64.28,-179.63,0.73509,3,-113.8,-190.52,0.1425,3,2,-72.05,174.23,0.31163,1,14.4,-173.92,0.65469,3,-164.95,-185.64,0.03368,3,2,6.98,175.06,0.72959,1,-62.81,-186.93,0.27035,3,-245.13,-200.07,6.0E-5,2,2,49.42,183.34,0.8794,1,-103.89,-201.49,0.1206,2,2,103,193.11,0.95087,1,-155.85,-218.62,0.04913,1,2,231.13,10.13,1,2,2,203.64,-167.31,0.99315,1,-303.03,125.15,0.00685,2,2,145.07,-240.17,0.9652,1,-254.31,204.87,0.0348,2,2,91.47,-227.51,0.92634,1,-199.34,199.13,0.07366,3,2,23.68,-212.02,0.79016,1,-129.69,191.92,0.20945,3,-314.89,192.5,3.9E-4,3,2,-99.92,-184.97,0.31031,1,-4.09,179.1,0.63382,3,-184.93,178.32,0.05586,3,2,-146.58,-179.42,0.1455,1,42,179.2,0.71407,3,-137.58,177.83,0.14044,3,2,-192.2,-173.92,0.04912,1,87.06,179.91,0.66382,3,-91.66,177.7,0.28706,3,2,-285.19,-180.34,2.2E-4,1,178.32,200.33,0.29555,3,-0.44,195.9,0.70423,2,1,312.6,235.5,0.02672,3,132.6,229.42,0.97328,2,1,380.06,178.77,0.00164,3,199.83,172.51,0.99836,1,3,246.83,63.45,1,1,3,282.92,-144.81,1,1,2,146.79,3.84,1,2,2,119.62,-163.64,0.95736,1,-219.04,132.39,0.04264,3,2,46.57,-161.43,0.83869,1,-145.89,139.29,0.16127,3,-331.66,138.01,3.0E-5,1,2,70.43,4.34,1,3,2,-92.04,-149.09,0.30692,1,-7.19,143.13,0.64523,3,-188.04,141.27,0.04784,2,2,-69.75,-0.59,0.05461,1,-9.95,-4.12,0.94539,3,2,-134.52,-139.14,0.15117,1,35.38,138.47,0.73658,3,-144.27,136.12,0.11225,2,1,30.01,-3.22,0.99965,3,-149.34,-9.47,3.5E-4,3,2,-179.4,-132.77,0.05335,1,79.77,138.06,0.70962,3,-98.94,135.17,0.23702,2,1,84.47,-1.93,0.9888,3,-93.3,-7.92,0.0112,3,2,-283.97,-129.36,2.0E-5,1,183.79,150.14,0.28266,3,5.03,145.21,0.71733,2,1,204.8,31.93,0.01062,3,24.61,25.67,0.98938],"hull":20,"edges":[36,38,14,40,40,10,10,12,14,12,14,16,42,40,16,42,34,36,44,42,46,40,44,46,10,8,46,8,32,34,20,42,16,18,20,18,20,22,44,22,22,24,48,44,24,48,50,46,48,50,8,6,50,6,24,26,52,48,26,52,54,50,52,54,6,4,54,4,26,28,56,52,28,56,58,54,56,58,4,2,58,2,28,30,30,32,34,60,60,56,30,60,36,62,62,58,60,62,2,0,0,38,62,0],"width":2247,"height":1248}}}},{"name":"turquoise","attachments":{"turquoise arm":{"turquoise":{"name":"arm4","type":"mesh","uvs":[1,0.10028,0.92396,0.41877,0.91404,0.46031,0.90138,0.51336,0.86202,0.67823,0.60609,0.89431,0.54298,0.90081,0.50188,1,0.34565,1,0.17495,1,0.0902,0.78964,0.02495,0.72994,0,0.58646,0.07427,0.45945,0.09959,0.41614,0.12018,0.38092,0.30136,0.07105,0.53239,0,0.86367,0,0.63631,0.08506,0.419,0.67903,0.35835,0.85978,0.47972,0.51308,0.49604,0.46846,0.51397,0.41946,0.37966,0.82388],"triangles":[21,10,25,6,21,25,9,10,21,8,9,21,6,8,21,7,8,6,23,14,24,13,14,23,22,13,23,3,23,2,22,23,3,12,13,22,4,22,3,20,12,22,20,22,4,11,12,20,25,10,11,20,25,11,4,25,20,5,25,4,5,6,25,19,17,18,16,17,19,19,18,0,15,16,19,1,19,0,24,15,19,1,24,19,14,15,24,2,24,1,23,24,2],"vertices":[1,4,-25.34,57.36,1,2,4,136.59,76.6,0.81709,5,-38.07,87.78,0.18291,2,4,157.71,79.11,0.63358,5,-16.81,88.63,0.36642,2,4,184.68,82.32,0.37497,5,10.32,89.7,0.62503,3,4,268.51,92.28,0.01742,5,94.68,93.04,0.94418,6,-62.02,114.73,0.0384,1,5,210.2,58.91,1,2,5,215.02,47.45,0.01714,6,41.09,37.72,0.98286,1,6,89.92,22.39,1,1,6,85.45,-6.95,1,1,6,80.57,-39.02,1,2,5,169.79,-45.12,0.01429,6,-27.91,-38.8,0.98571,2,5,141.18,-61.32,0.98857,6,-59.88,-46.47,0.01143,2,5,69.22,-75.38,0.99955,6,-132.93,-40.15,4.5E-4,2,4,190.07,-77.13,0.10578,5,3.17,-69.68,0.89422,2,4,167.47,-76.96,0.29308,5,-19.35,-67.73,0.70692,2,4,149.08,-76.83,0.49573,5,-37.67,-66.15,0.50427,1,4,-12.65,-75.61,1,1,4,-57.14,-40.1,1,1,4,-70.07,21.5,1,1,4,-18.74,-11.86,1,1,5,105.85,9.62,1,2,5,198.75,9.98,0.01429,6,15.11,6.19,0.98571,2,4,201,3.88,0.02532,5,20.43,10.23,0.97468,2,4,178.1,2.24,0.15062,5,-2.53,10.39,0.84938,2,4,152.94,0.44,0.81781,5,-27.75,10.57,0.18219,2,5,180.07,11.66,0.99131,6,-2.37,12.95,0.00869],"hull":19,"edges":[34,32,34,36,0,36,20,18,12,14,0,38,38,32,8,40,40,24,12,42,42,20,14,16,16,18,42,16,24,26,44,40,26,44,6,8,44,6,26,28,46,44,28,46,4,6,46,4,28,30,30,32,38,48,48,46,30,48,0,2,2,4,48,2,20,22,22,24,40,50,50,42,22,50,8,10,10,12,50,10],"width":182,"height":502}},"turquoise body":{"turquoise":{"name":"body4","type":"mesh","uvs":[0.60924,0.3114,0.60775,0.39783,0.60007,0.44149,0.59653,0.48282,0.5984,0.55353,0.60138,0.59072,0.60478,0.63519,0.52166,0.73457,0.44344,0.70909,0.41222,0.66171,0.41877,0.6202,0.4271,0.56944,0.43903,0.47972,0.44002,0.44452,0.44111,0.40749,0.43951,0.32615,0.43724,0.21147,0.4674,0.16512,0.51848,0.14178,0.6122,0.13945,0.51986,0.66731,0.44648,0.64288,0.4491,0.5867,0.52097,0.60654,0.45493,0.48424,0.52033,0.49345,0.45792,0.45189,0.52012,0.46155,0.45925,0.41604,0.51989,0.41818,0.46217,0.32622,0.51939,0.32124],"triangles":[30,31,29,14,15,30,1,31,0,17,31,30,30,15,16,30,16,17,17,18,31,31,18,0,0,18,19,22,24,25,24,11,12,25,3,4,25,24,27,24,26,27,25,27,3,24,12,26,3,27,2,12,13,26,27,26,29,26,28,29,27,29,2,26,13,28,13,14,28,2,29,1,28,30,29,29,31,1,28,14,30,8,20,7,6,20,5,6,7,20,8,21,20,8,9,21,20,23,5,20,21,23,9,10,21,21,22,23,21,10,22,10,11,22,23,22,25,23,4,5,23,25,4,22,11,24],"vertices":[3,2,-299.66,201.36,1.2E-4,1,242.61,-173.3,0.21142,3,63.93,-180.61,0.78846,3,2,-179.35,206.38,0.0344,1,123,-191.75,0.61952,3,-54.49,-201.6,0.34608,3,2,-121.91,187.01,0.12241,1,64.28,-179.63,0.73509,3,-113.8,-190.52,0.1425,3,2,-72.05,174.23,0.31163,1,14.4,-173.92,0.65469,3,-164.95,-185.64,0.03368,3,2,6.98,175.06,0.72959,1,-62.81,-186.93,0.27035,3,-245.13,-200.07,6.0E-5,2,2,49.42,183.34,0.8794,1,-103.89,-201.49,0.1206,2,2,103,193.11,0.95087,1,-155.85,-218.62,0.04913,1,2,231.13,10.13,1,2,2,203.64,-167.31,0.99315,1,-303.03,125.15,0.00685,2,2,145.07,-240.17,0.9652,1,-254.31,204.87,0.0348,2,2,91.47,-227.51,0.92634,1,-199.34,199.13,0.07366,3,2,23.68,-212.02,0.79016,1,-129.69,191.92,0.20945,3,-314.89,192.5,3.9E-4,3,2,-99.92,-184.97,0.31031,1,-4.09,179.1,0.63382,3,-184.93,178.32,0.05586,3,2,-146.58,-179.42,0.1455,1,42,179.2,0.71407,3,-137.58,177.83,0.14044,3,2,-192.2,-173.92,0.04912,1,87.06,179.91,0.66382,3,-91.66,177.7,0.28706,3,2,-285.19,-180.34,2.2E-4,1,178.32,200.33,0.29555,3,-0.44,195.9,0.70423,2,1,312.6,235.5,0.02672,3,132.6,229.42,0.97328,2,1,380.06,178.77,0.00164,3,199.83,172.51,0.99836,1,3,246.83,63.45,1,1,3,282.92,-144.81,1,1,2,146.79,3.84,1,2,2,119.62,-163.64,0.95736,1,-219.04,132.39,0.04264,3,2,46.57,-161.43,0.83869,1,-145.89,139.29,0.16127,3,-331.66,138.01,3.0E-5,1,2,70.43,4.34,1,3,2,-92.04,-149.09,0.30692,1,-7.19,143.13,0.64523,3,-188.04,141.27,0.04784,2,2,-69.75,-0.59,0.05461,1,-9.95,-4.12,0.94539,3,2,-134.52,-139.14,0.15117,1,35.38,138.47,0.73658,3,-144.27,136.12,0.11225,2,1,30.01,-3.22,0.99965,3,-149.34,-9.47,3.5E-4,3,2,-179.4,-132.77,0.05335,1,79.77,138.06,0.70962,3,-98.94,135.17,0.23702,2,1,84.47,-1.93,0.9888,3,-93.3,-7.92,0.0112,3,2,-283.97,-129.36,2.0E-5,1,183.79,150.14,0.28266,3,5.03,145.21,0.71733,2,1,204.8,31.93,0.01062,3,24.61,25.67,0.98938],"hull":20,"edges":[36,38,14,40,40,10,10,12,14,12,14,16,42,40,16,42,34,36,44,42,46,40,44,46,10,8,46,8,32,34,20,42,16,18,20,18,20,22,44,22,22,24,48,44,24,48,50,46,48,50,8,6,50,6,24,26,52,48,26,52,54,50,52,54,6,4,54,4,26,28,56,52,28,56,58,54,56,58,4,2,58,2,28,30,30,32,34,60,60,56,30,60,36,62,62,58,60,62,2,0,0,38,62,0],"width":2247,"height":1248}}}},{"name":"yellow","attachments":{"yellow arm":{"yellow":{"name":"arm2","type":"mesh","uvs":[1,0.10028,0.92396,0.41877,0.91404,0.46031,0.90138,0.51336,0.86202,0.67823,0.60609,0.89431,0.54298,0.90081,0.50188,1,0.34565,1,0.17495,1,0.0902,0.78964,0.02495,0.72994,0,0.58646,0.07427,0.45945,0.09959,0.41614,0.12018,0.38092,0.30136,0.07105,0.53239,0,0.86367,0,0.63631,0.08506,0.419,0.67903,0.35835,0.85978,0.47972,0.51308,0.49604,0.46846,0.51397,0.41946,0.37966,0.82388],"triangles":[21,10,25,6,21,25,9,10,21,8,9,21,6,8,21,7,8,6,23,14,24,13,14,23,22,13,23,3,23,2,22,23,3,12,13,22,4,22,3,20,12,22,20,22,4,11,12,20,25,10,11,20,25,11,4,25,20,5,25,4,5,6,25,19,17,18,16,17,19,19,18,0,15,16,19,1,19,0,24,15,19,1,24,19,14,15,24,2,24,1,23,24,2],"vertices":[1,4,-25.34,57.36,1,2,4,136.59,76.6,0.81709,5,-38.07,87.78,0.18291,2,4,157.71,79.11,0.63358,5,-16.81,88.63,0.36642,2,4,184.68,82.32,0.37497,5,10.32,89.7,0.62503,3,4,268.51,92.28,0.01742,5,94.68,93.04,0.94418,6,-62.02,114.73,0.0384,1,5,210.2,58.91,1,2,5,215.02,47.45,0.01714,6,41.09,37.72,0.98286,1,6,89.92,22.39,1,1,6,85.45,-6.95,1,1,6,80.57,-39.02,1,2,5,169.79,-45.12,0.01429,6,-27.91,-38.8,0.98571,2,5,141.18,-61.32,0.98857,6,-59.88,-46.47,0.01143,2,5,69.22,-75.38,0.99955,6,-132.93,-40.15,4.5E-4,2,4,190.07,-77.13,0.10578,5,3.17,-69.68,0.89422,2,4,167.47,-76.96,0.29308,5,-19.35,-67.73,0.70692,2,4,149.08,-76.83,0.49573,5,-37.67,-66.15,0.50427,1,4,-12.65,-75.61,1,1,4,-57.14,-40.1,1,1,4,-70.07,21.5,1,1,4,-18.74,-11.86,1,1,5,105.85,9.62,1,2,5,198.75,9.98,0.01429,6,15.11,6.19,0.98571,2,4,201,3.88,0.02532,5,20.43,10.23,0.97468,2,4,178.1,2.24,0.15062,5,-2.53,10.39,0.84938,2,4,152.94,0.44,0.81781,5,-27.75,10.57,0.18219,2,5,180.07,11.66,0.99131,6,-2.37,12.95,0.00869],"hull":19,"edges":[34,32,34,36,0,36,20,18,12,14,0,38,38,32,8,40,40,24,12,42,42,20,14,16,16,18,42,16,24,26,44,40,26,44,6,8,44,6,26,28,46,44,28,46,4,6,46,4,28,30,30,32,38,48,48,46,30,48,0,2,2,4,48,2,20,22,22,24,40,50,50,42,22,50,8,10,10,12,50,10],"width":182,"height":502}},"yellow body":{"yellow":{"name":"body2","type":"mesh","uvs":[0.60924,0.3114,0.60775,0.39783,0.60007,0.44149,0.59653,0.48282,0.5984,0.55353,0.60138,0.59072,0.60478,0.63519,0.52166,0.73457,0.44344,0.70909,0.41222,0.66171,0.41877,0.6202,0.4271,0.56944,0.43903,0.47972,0.44002,0.44452,0.44111,0.40749,0.43951,0.32615,0.43724,0.21147,0.4674,0.16512,0.51848,0.14178,0.6122,0.13945,0.51986,0.66731,0.44648,0.64288,0.4491,0.5867,0.52097,0.60654,0.45493,0.48424,0.52033,0.49345,0.45792,0.45189,0.52012,0.46155,0.45925,0.41604,0.51989,0.41818,0.46217,0.32622,0.51939,0.32124],"triangles":[30,31,29,14,15,30,1,31,0,17,31,30,30,15,16,30,16,17,17,18,31,31,18,0,0,18,19,22,24,25,24,11,12,25,3,4,25,24,27,24,26,27,25,27,3,24,12,26,3,27,2,12,13,26,27,26,29,26,28,29,27,29,2,26,13,28,13,14,28,2,29,1,28,30,29,29,31,1,28,14,30,8,20,7,6,20,5,6,7,20,8,21,20,8,9,21,20,23,5,20,21,23,9,10,21,21,22,23,21,10,22,10,11,22,23,22,25,23,4,5,23,25,4,22,11,24],"vertices":[3,2,-299.66,201.36,1.2E-4,1,242.61,-173.3,0.21142,3,63.93,-180.61,0.78846,3,2,-179.35,206.38,0.0344,1,123,-191.75,0.61952,3,-54.49,-201.6,0.34608,3,2,-121.91,187.01,0.12241,1,64.28,-179.63,0.73509,3,-113.8,-190.52,0.1425,3,2,-72.05,174.23,0.31163,1,14.4,-173.92,0.65469,3,-164.95,-185.64,0.03368,3,2,6.98,175.06,0.72959,1,-62.81,-186.93,0.27035,3,-245.13,-200.07,6.0E-5,2,2,49.42,183.34,0.8794,1,-103.89,-201.49,0.1206,2,2,103,193.11,0.95087,1,-155.85,-218.62,0.04913,1,2,231.13,10.13,1,2,2,203.64,-167.31,0.99315,1,-303.03,125.15,0.00685,2,2,145.07,-240.17,0.9652,1,-254.31,204.87,0.0348,2,2,91.47,-227.51,0.92634,1,-199.34,199.13,0.07366,3,2,23.68,-212.02,0.79016,1,-129.69,191.92,0.20945,3,-314.89,192.5,3.9E-4,3,2,-99.92,-184.97,0.31031,1,-4.09,179.1,0.63382,3,-184.93,178.32,0.05586,3,2,-146.58,-179.42,0.1455,1,42,179.2,0.71407,3,-137.58,177.83,0.14044,3,2,-192.2,-173.92,0.04912,1,87.06,179.91,0.66382,3,-91.66,177.7,0.28706,3,2,-285.19,-180.34,2.2E-4,1,178.32,200.33,0.29555,3,-0.44,195.9,0.70423,2,1,312.6,235.5,0.02672,3,132.6,229.42,0.97328,2,1,380.06,178.77,0.00164,3,199.83,172.51,0.99836,1,3,246.83,63.45,1,1,3,282.92,-144.81,1,1,2,146.79,3.84,1,2,2,119.62,-163.64,0.95736,1,-219.04,132.39,0.04264,3,2,46.57,-161.43,0.83869,1,-145.89,139.29,0.16127,3,-331.66,138.01,3.0E-5,1,2,70.43,4.34,1,3,2,-92.04,-149.09,0.30692,1,-7.19,143.13,0.64523,3,-188.04,141.27,0.04784,2,2,-69.75,-0.59,0.05461,1,-9.95,-4.12,0.94539,3,2,-134.52,-139.14,0.15117,1,35.38,138.47,0.73658,3,-144.27,136.12,0.11225,2,1,30.01,-3.22,0.99965,3,-149.34,-9.47,3.5E-4,3,2,-179.4,-132.77,0.05335,1,79.77,138.06,0.70962,3,-98.94,135.17,0.23702,2,1,84.47,-1.93,0.9888,3,-93.3,-7.92,0.0112,3,2,-283.97,-129.36,2.0E-5,1,183.79,150.14,0.28266,3,5.03,145.21,0.71733,2,1,204.8,31.93,0.01062,3,24.61,25.67,0.98938],"hull":20,"edges":[36,38,14,40,40,10,10,12,14,12,14,16,42,40,16,42,34,36,44,42,46,40,44,46,10,8,46,8,32,34,20,42,16,18,20,18,20,22,44,22,22,24,48,44,24,48,50,46,48,50,8,6,50,6,24,26,52,48,26,52,54,50,52,54,6,4,54,4,26,28,56,52,28,56,58,54,56,58,4,2,58,2,28,30,30,32,34,60,60,56,30,60,36,62,62,58,60,62,2,0,0,38,62,0],"width":2247,"height":1248}}}}],"animations":{"idle":{"slots":{"backpack-":{"rgba":[{"color":"ffffff00"}]},"blur body":{"rgba":[{"color":"ffffff00"}]},"blur head":{"rgba":[{"color":"ffffff00"}]},"blur left arm":{"rgba":[{"color":"ffffff00"}]},"blur left foot":{"rgba":[{"color":"ffffff00"}]},"blur right arm":{"rgba":[{"color":"ffffff00"}]},"blur right foot":{"rgba":[{"color":"ffffff00"}]},"blur side body":{"rgba":[{"color":"ffffff00"}]},"blur side feet":{"rgba":[{"color":"ffffff00"}]},"blur side head":{"rgba":[{"color":"ffffff00"}]},"body-":{"rgba":[{"color":"ffffff00"}]},"head-":{"rgba":[{"color":"ffffff00"}]},"left arm":{"rgba":[{"color":"ffffff00"}]},"left foot-":{"rgba":[{"color":"ffffff00"}]},"right arm":{"rgba":[{"color":"ffffff00"}]},"right foot-":{"rgba":[{"color":"ffffff00"}]}},"bones":{"body3":{"translate":[{},{"time":0.5,"x":-23.95,"y":-0.38},{"time":1.6667}]},"body2":{"rotate":[{},{"time":0.6667,"value":-14.8},{"time":1.2333,"value":6.4},{"time":1.6667}],"translate":[{},{"time":0.5,"x":-19.95,"y":-4.26},{"time":1.6667}]},"arm":{"rotate":[{"value":8.27},{"time":0.7333,"value":-1.54},{"time":1.6667,"value":8.27}],"translate":[{"x":10.58,"y":-4.49},{"time":0.6,"x":-2.56,"y":0.86},{"time":1.6667,"x":10.58,"y":-4.49}]},"arm2":{"rotate":[{},{"time":0.9333,"value":-10.61},{"time":1.4,"value":-0.14},{"time":1.6667}]},"head":{"rotate":[{},{"time":0.5,"value":6.96},{"time":1.6667}]},"head4":{"rotate":[{"value":11.42},{"time":0.6667,"value":-34.44},{"time":1.6667,"value":11.42}]},"head5":{"rotate":[{"value":-15.47},{"time":0.6667,"value":28.04},{"time":1.6667,"value":-15.47}]},"backpack4":{"rotate":[{"value":-19.37},{"time":0.1,"value":-7.89},{"time":0.4,"value":-19.37},{"time":0.6667,"value":11.28},{"time":0.8667,"value":36.68},{"time":1.1,"value":-14.08},{"time":1.2333,"value":-20.48},{"time":1.4,"value":-1.33},{"time":1.6667,"value":-19.37}]},"backpack2":{"translate":[{},{"time":0.5,"x":-1.87,"y":-2.77},{"time":1.6667}]},"backpack3":{"translate":[{},{"time":0.5,"x":-10.99,"y":1.61},{"time":1.6667}]},"backpack":{"translate":[{},{"time":0.5,"x":-9.93,"y":-1.72},{"time":1.6667}]},"left foot2":{"rotate":[{},{"time":0.6,"value":-3.97},{"time":1.6667}]},"left foot3":{"rotate":[{},{"time":0.6,"value":-28.67},{"time":1.6667}]},"right foot2":{"rotate":[{},{"time":0.6,"value":-7.52},{"time":1.6667}]}}},"idle2":{"slots":{"backpack-":{"rgba":[{"color":"ffffff00"}]},"blur body":{"rgba":[{"color":"ffffff00"}]},"blur head":{"rgba":[{"color":"ffffff00"}]},"blur left arm":{"rgba":[{"color":"ffffff00"}]},"blur left foot":{"rgba":[{"color":"ffffff00"}]},"blur right arm":{"rgba":[{"color":"ffffff00"}]},"blur right foot":{"rgba":[{"color":"ffffff00"}]},"blur side body":{"rgba":[{"color":"ffffff00"}]},"blur side feet":{"rgba":[{"color":"ffffff00"}]},"blur side head":{"rgba":[{"color":"ffffff00"}]},"body-":{"rgba":[{"color":"ffffff00"}]},"head-":{"rgba":[{"color":"ffffff00"}]},"left arm":{"rgba":[{"color":"ffffff00"}]},"left foot-":{"rgba":[{"color":"ffffff00"}]},"right arm":{"rgba":[{"color":"ffffff00"}]},"right foot-":{"rgba":[{"color":"ffffff00"}]}},"bones":{"left foot":{"rotate":[{},{"time":0.4333,"value":44.37},{"time":0.6333,"value":37.17},{"time":0.7,"value":48.59},{"time":0.8333,"value":23.84},{"time":0.9667,"value":44.58},{"time":1.6667}],"translate":[{},{"time":0.4333,"x":22.74,"y":-27.09},{"time":1.6667}]},"body3":{"rotate":[{},{"time":0.3333,"value":-3.83},{"time":1.6667}]},"backpack4":{"rotate":[{"value":-17.66},{"time":0.3333,"value":12.95},{"time":0.7333,"value":-16.29},{"time":1,"value":-2.46},{"time":1.6667,"value":-17.66}]},"backpack2":{"rotate":[{},{"time":0.3667,"value":2},{"time":1.6667}]},"backpack":{"rotate":[{},{"time":0.3667,"value":-0.09},{"time":1.6667}],"translate":[{},{"time":0.3667,"x":-2.71},{"time":1.6667}]},"head4":{"rotate":[{},{"time":0.5,"value":24.07},{"time":1.6667}]},"head5":{"rotate":[{},{"time":0.5,"value":20.31},{"time":1.6667}]},"body2":{"rotate":[{},{"time":0.4,"value":-10.72},{"time":1.2,"value":7.85},{"time":1.6667}]}}},"idle3":{"slots":{"backpack-":{"rgba":[{"color":"ffffff00"}]},"blur body":{"rgba":[{"color":"ffffff00"}]},"blur head":{"rgba":[{"color":"ffffff00"}]},"blur left arm":{"rgba":[{"color":"ffffff00"}]},"blur left foot":{"rgba":[{"color":"ffffff00"}]},"blur right arm":{"rgba":[{"color":"ffffff00"}]},"blur right foot":{"rgba":[{"color":"ffffff00"}]},"blur side body":{"rgba":[{"color":"ffffff00"}]},"blur side feet":{"rgba":[{"color":"ffffff00"}]},"blur side head":{"rgba":[{"color":"ffffff00"}]},"body-":{"rgba":[{"color":"ffffff00"}]},"head-":{"rgba":[{"color":"ffffff00"}]},"left arm":{"rgba":[{"color":"ffffff00"}]},"left foot-":{"rgba":[{"color":"ffffff00"}]},"right arm":{"rgba":[{"color":"ffffff00"}]},"right foot-":{"rgba":[{"color":"ffffff00"}]}},"bones":{"body":{"translate":[{},{"time":0.3333,"y":27.02,"curve":"stepped"},{"time":0.8333,"y":27.02},{"time":1.6667}]},"left foot2":{"translate":[{},{"time":0.3333,"x":31.63,"curve":"stepped"},{"time":0.8333,"x":31.63},{"time":1.6667}]},"right foot2":{"translate":[{},{"time":0.3333,"x":27.21,"y":-8.81,"curve":"stepped"},{"time":0.8333,"x":27.21,"y":-8.81},{"time":1.6667}]},"head5":{"rotate":[{},{"time":0.5333,"value":-11.93},{"time":1.2333,"value":16.74},{"time":1.6667}]},"head4":{"rotate":[{},{"time":0.5333,"value":19.99},{"time":1.2333,"value":-21.06},{"time":1.6667}]},"backpack4":{"rotate":[{"value":-10.42,"curve":"stepped"},{"time":0.4,"value":-10.42},{"time":0.6667,"value":9.53},{"time":0.9333,"value":-34.1},{"time":1.2333,"value":9.53},{"time":1.4667,"value":-22.5},{"time":1.6667,"value":-10.42}]},"arm":{"rotate":[{},{"time":0.4,"value":25.22},{"time":0.8,"value":-14.94},{"time":1.1667,"value":25.22},{"time":1.6667}]},"arm2":{"rotate":[{},{"time":0.5,"value":8.14},{"time":0.9,"value":-30.98},{"time":1.2333,"value":9.59},{"time":1.6667}]},"head2":{"rotate":[{},{"time":1.0333,"value":-20.83},{"time":1.2333,"value":27.1},{"time":1.6667}]},"backpack":{"translate":[{},{"time":0.3,"x":8.29},{"time":1.6667}]},"body2":{"rotate":[{},{"time":0.3667,"value":-8.58},{"time":0.8,"value":5.96},{"time":1.6667}]}}},"jump":{"slots":{"backpack-":{"rgba":[{"color":"ffffff00"}]},"blur body":{"rgba":[{"color":"ffffff00"}]},"blur head":{"rgba":[{"color":"ffffff00"}]},"blur left arm":{"rgba":[{"color":"ffffff00"}]},"blur left foot":{"rgba":[{"color":"ffffff00"}]},"blur right arm":{"rgba":[{"color":"ffffff00"}]},"blur right foot":{"rgba":[{"color":"ffffff00"}]},"blur side body":{"rgba":[{"color":"ffffff00"}]},"blur side feet":{"rgba":[{"color":"ffffff00"}]},"blur side head":{"rgba":[{"color":"ffffff00"}]},"body-":{"rgba":[{"color":"ffffff00"}]},"head-":{"rgba":[{"color":"ffffff00"}]},"left arm":{"rgba":[{"color":"ffffff00"}]},"left foot-":{"rgba":[{"color":"ffffff00"}]},"right arm":{"rgba":[{"color":"ffffff00"}]},"right foot-":{"rgba":[{"color":"ffffff00"}]}},"bones":{"body":{"translate":[{},{"time":0.1667,"y":-73.71},{"time":0.3,"y":-61.17},{"time":0.5},{"time":0.6667,"y":575.34},{"time":1.0333},{"time":1.1,"y":-27.68},{"time":1.6667}],"scale":[{},{"time":0.1667,"x":0.829,"y":1.114},{"time":0.6667},{"time":0.9667,"x":0.95,"y":1.094},{"time":1.1,"x":0.781,"y":1.136},{"time":1.6667}]},"left foot2":{"rotate":[{},{"time":0.4333,"value":-0.55},{"time":0.6667,"value":62.32},{"time":1.4,"value":-3.83},{"time":1.6667}]},"right foot2":{"rotate":[{},{"time":0.4333,"value":-7.63},{"time":0.6667,"value":46.96},{"time":1.4,"value":-1.88},{"time":1.6667}]},"head4":{"rotate":[{},{"time":0.4,"value":-25.85},{"time":0.7667,"value":15.53},{"time":1.1,"value":-19.94},{"time":1.6667}]},"head5":{"rotate":[{},{"time":0.4,"value":45.56},{"time":0.7667,"value":1.89},{"time":1.1,"value":33.88},{"time":1.6667}]},"arm":{"rotate":[{},{"time":0.2667,"value":-10.5},{"time":0.7333,"value":4.99},{"time":1.1667,"value":-8.36},{"time":1.6667}],"translate":[{},{"time":0.2667,"x":2.74,"y":-4.93},{"time":1.0667,"x":37.97,"y":-2.11},{"time":1.1667,"x":58.06,"y":-11.03},{"time":1.6667}]},"head":{"translate":[{},{"time":0.1667,"x":-29.27,"y":5.39},{"time":0.6333}]},"arm2":{"rotate":[{},{"time":0.3667,"value":8.6},{"time":0.9333,"value":-6.63},{"time":1.6667}]},"left foot":{"translate":[{"time":0.5},{"time":0.6667,"x":36.13},{"time":1.0667,"x":-100.19},{"time":1.1333,"x":-75.69},{"time":1.6667}]},"right foot":{"translate":[{"time":0.5},{"time":0.6667,"x":38.43},{"time":1.0667,"x":-86.71},{"time":1.1333,"x":-51.31},{"time":1.6667}]},"body2":{"rotate":[{},{"time":0.1667,"value":7.96},{"time":0.8,"value":-7.63},{"time":1.3333,"value":8.38},{"time":1.6667}],"translate":[{},{"time":0.1667,"x":-60.08,"y":-1.81},{"time":0.3,"x":-48.7,"y":-2.01},{"time":0.4333,"x":-37.31,"y":-2.22},{"time":0.6667,"x":-17.39,"y":-2.58},{"time":1.0667,"x":-110.51,"y":-3.2},{"time":1.6667}]},"body3":{"translate":[{},{"time":0.3,"x":-57.87,"y":0.1},{"time":1.6667}]},"left foot3":{"rotate":[{},{"time":1.4333,"value":-16.9},{"time":1.6667}]},"backpack":{"rotate":[{},{"time":1.0667,"value":-3.22},{"time":1.6667}],"translate":[{},{"time":0.7,"x":-12.29},{"time":1.0667,"x":42.72,"y":6.6},{"time":1.3667,"x":-6.6},{"time":1.6667}]},"backpack4":{"rotate":[{"value":-9.5},{"time":0.4333,"value":-18.64},{"time":0.6,"value":-6.28},{"time":0.8333,"value":18.3},{"time":1.1,"value":-29.52},{"time":1.3,"value":-1.19},{"time":1.6667,"value":-9.5}]},"backpack2":{"rotate":[{},{"time":1.0667,"value":15.95},{"time":1.6667}],"translate":[{},{"time":1.0667,"x":15.17},{"time":1.6667}]}}},"turn back":{"slots":{"backpack":{"rgba":[{"color":"ffffffff"},{"time":0.3333,"color":"ffffff00"},{"time":0.6667,"color":"ffffffff"}]},"backpack-":{"rgba":[{"color":"ffffff00"}]},"blur body":{"rgba":[{"color":"ffffff00"},{"time":0.3333,"color":"ffffffff"},{"time":0.6667,"color":"ffffff00"}]},"blur head":{"rgba":[{"color":"ffffff00"},{"time":0.3333,"color":"ffffffff"},{"time":0.6667,"color":"ffffff00"}]},"blur left arm":{"rgba":[{"color":"ffffff00"},{"time":0.3333,"color":"ffffffff"},{"time":0.6667,"color":"ffffff00"}]},"blur left foot":{"rgba":[{"color":"ffffff00"},{"time":0.3333,"color":"ffffffff"},{"time":0.6667,"color":"ffffff00"}]},"blur right arm":{"rgba":[{"color":"ffffff00"},{"time":0.3333,"color":"ffffffff"},{"time":0.6667,"color":"ffffff00"}]},"blur right foot":{"rgba":[{"color":"ffffff00"},{"time":0.3333,"color":"ffffffff"},{"time":0.6667,"color":"ffffff00"}]},"blur side body":{"rgba":[{"color":"ffffff00"}]},"blur side feet":{"rgba":[{"color":"ffffff00"}]},"blur side head":{"rgba":[{"color":"ffffff00"}]},"body-":{"rgba":[{"color":"ffffff00"}]},"head":{"rgba":[{"color":"ffffffff"},{"time":0.3333,"color":"ffffff00"},{"time":0.6667,"color":"ffffffff"}]},"head-":{"rgba":[{"color":"ffffff00"}]},"left arm":{"rgba":[{"color":"ffffff00"}]},"left foot":{"rgba":[{"color":"ffffffff"},{"time":0.3333,"color":"ffffff00"},{"time":0.6667,"color":"ffffffff"}]},"left foot-":{"rgba":[{"color":"ffffff00"}]},"red arm":{"rgba":[{"color":"ffffffff"},{"time":0.3333,"color":"ffffff00"},{"time":0.6667,"color":"ffffffff"}]},"red body":{"rgba":[{"color":"ffffffff"},{"time":0.3333,"color":"ffffff00"},{"time":0.6667,"color":"ffffffff"}]},"right arm":{"rgba":[{"color":"ffffff00"}]},"right foot":{"rgba":[{"color":"ffffffff"},{"time":0.3333,"color":"ffffff00"},{"time":0.6667,"color":"ffffffff"}]},"right foot-":{"rgba":[{"color":"ffffff00"}]}},"bones":{"head5":{"rotate":[{},{"time":0.3333,"value":7.15}]},"backpack":{"translate":[{},{"time":0.3333,"x":2.67,"y":22.01},{"time":0.6667}]},"backpack2":{"translate":[{},{"time":0.3333,"x":-2.52,"y":-25.55},{"time":0.6667}]},"backpack3":{"translate":[{},{"time":0.3333,"x":-15.64,"y":-23.61}]},"arm":{"rotate":[{},{"time":0.3333,"value":3.6},{"time":0.6667}],"scale":[{},{"time":0.3333,"y":0.88},{"time":0.6667}]},"arm2":{"scale":[{},{"time":0.3333,"y":0.825},{"time":0.6667}]},"left foot":{"translate":[{},{"time":0.2667,"x":48.74},{"time":0.3333,"x":31.25},{"time":0.5667,"x":62.36,"y":0.09},{"time":0.6667}]},"left foot2":{"translate":[{},{"time":0.3333,"x":-0.99,"y":21.99},{"time":0.6667}]},"left foot3":{"translate":[{},{"time":0.3333,"x":-22.04}]},"right foot":{"translate":[{},{"time":0.3333,"x":-2.35,"y":14.46},{"time":0.6667}]},"right foot2":{"rotate":[{},{"time":0.3333,"value":-13.93},{"time":0.6667}],"translate":[{},{"time":0.3333,"x":7.01,"y":11.51},{"time":0.6667}]},"body":{"shear":[{"time":0.3333,"y":-180}]}},"attachments":{"default":{"backpack":{"backpack":{"deform":[{},{"time":0.3333,"vertices":[4.13812,-12.84418,-1.31946,-4.75659,-2.20758,-4.41498,2.75061,4.09879,-0.23236,-12.83392,-2.04141,-2.81842,2.82532,2.03198,4.01349,2.88651,-10.98199,-36.45337,-10.54425,38.90051,-2.24579,-40.24094,-25.9519,16.61993,19.39575,-23.94778,-0.85324,49.66901,0,0,-0.07248,-1.29114,-1.01416,-0.80255,0,0,0,0,0,0,0,0,-0.14719,-10.2049,-7.73157,-6.66217,-1.8671,7.15961,4.11694,6.14801,0,0,0,0,0,0,0,0,0,0,0,0,3.29498,26.69537,22.15674,15.25104,8.35803,25.56665,-0.85324,49.66901,36.58984,33.59949,8.69659,48.90918,15.01141,-20.15887,2.77759,-6.80075,1.23624,-25.82086,3.70029,7.987,12.28494,29.96649,30.56982,10.69684,-5.22665,13.37,2.46738,-21.41016,-6.55688,-4.87616,7.75909,2.56259]},{"time":0.6667}]}},"head":{"head":{"deform":[{},{"time":0.3333,"vertices":[-12.46143,-10.10364,-2.34009,-0.87964,2.47766,0.33469,-3.34021,-0.78082,3.4303,0.01483,3.19116,-0.68512,9.66492,-13.80804,7.32678,5.96783,-8.47437,-4.17868,10.17651,3.82574,20.11572,-4.57269,-18.95105,-8.1449,19.27051,-8.24213,-20.42853,-4.68127,-24.15704,26.6615,-16.60919,23.84045,-0.90817,19.94739,-19.46313,-4.47284,0.31433,3.00964,1.51764,-2.61743,2.30273,1.95963,0,0,1.7124,-0.82959,3.51746,0.86688,-14.50635,1.51593,-9.45874,11.10077,-1.65515,15.35248,9.38831,12.25436,5.77368,-7.12006,9.1611,-0.34741,-0.73145,-9.13953,0,0,0,0,0,0,-0.5282,-46.67566,34.7673,-31.14819,17.66644,-19.26794,17.18359,35.22894,22.87286,-31.83069,-3.78525,2.3385,0,0,5.49048,15.50214,4.6893,-15.7627,14.66333,7.43057,1.62256,17.22351,5.45935,-8.12415,11.26135,13.40417,-24.48962,-31.65741,30.94446,25.38571,7.68347,-39.28027,12.2959,-22.11713,-6.85608,-18.83643,-18.46448,17.5481,-13.83252,8.50555,16.18927,1.26843,11.5824,-11.38116,-12.68665,15.0191,5.99402,16.81134,5.05295,-17.11707,15.93115,8.03387,0.90503,-2.12274]},{"time":0.6667}]}}}}},"turn side":{"slots":{"backpack":{"rgba":[{"color":"ffffffff"},{"time":0.3333,"color":"ffffff00"}]},"backpack-":{"rgba":[{"color":"ffffff00","curve":"stepped"},{"time":0.3333,"color":"ffffff00"},{"time":0.4,"color":"ffffffff"}]},"blur body":{"attachment":[{}]},"blur head":{"attachment":[{}]},"blur left arm":{"attachment":[{}]},"blur left foot":{"attachment":[{}]},"blur right arm":{"attachment":[{}]},"blur right foot":{"attachment":[{}]},"blur side body":{"rgba":[{"color":"ffffff00"},{"time":0.3333,"color":"ffffffff"},{"time":0.4,"color":"ffffff00"}]},"blur side feet":{"rgba":[{"color":"ffffff00"},{"time":0.3333,"color":"ffffffff"},{"time":0.4,"color":"ffffff00"}]},"blur side head":{"rgba":[{"color":"ffffff00"},{"time":0.3333,"color":"ffffffff"},{"time":0.4,"color":"ffffff00"}]},"body-":{"rgba":[{"color":"ffffff00","curve":"stepped"},{"time":0.3333,"color":"ffffff00"},{"time":0.4,"color":"ffffffff"}]},"head":{"rgba":[{"time":0.2667,"color":"ffffffff"},{"time":0.3333,"color":"ffffff00"}]},"head-":{"rgba":[{"color":"ffffff00","curve":"stepped"},{"time":0.3333,"color":"ffffff00"},{"time":0.4,"color":"ffffffff"}]},"left arm":{"rgba":[{"color":"ffffff00","curve":"stepped"},{"time":0.3333,"color":"ffffff00"},{"time":0.4,"color":"ffffffff"}]},"left foot":{"rgba":[{"time":0.2667,"color":"ffffffff"},{"time":0.3333,"color":"ffffff00"}]},"left foot-":{"rgba":[{"color":"ffffff00","curve":"stepped"},{"time":0.3333,"color":"ffffff00"},{"time":0.4,"color":"ffffffff"}]},"red arm":{"rgba":[{"time":0.2667,"color":"ffffffff"},{"time":0.3333,"color":"ffffff00"}]},"red body":{"rgba":[{"time":0.2667,"color":"ffffffff"},{"time":0.3333,"color":"ffffff00"}]},"right arm":{"rgba":[{"color":"ffffff00","curve":"stepped"},{"time":0.3333,"color":"ffffff00"},{"time":0.4,"color":"ffffffff"}]},"right foot":{"rgba":[{"time":0.2667,"color":"ffffffff"},{"time":0.3333,"color":"ffffff00"}]},"right foot-":{"rgba":[{"color":"ffffff00","curve":"stepped"},{"time":0.3333,"color":"ffffff00"},{"time":0.4,"color":"ffffffff"}]}},"bones":{"arm":{"rotate":[{},{"time":0.3333,"value":9.47}],"translate":[{},{"time":0.3333,"x":23.2,"y":-43.04}]},"arm2":{"rotate":[{},{"time":0.3333,"value":-11.94}]},"backpack":{"translate":[{},{"time":0.3333,"x":15.75,"y":-28.14}]},"backpack2":{"rotate":[{},{"time":0.3333,"value":6.93}]},"backpack3":{"rotate":[{},{"time":0.3333,"value":36.45}]},"body2":{"translate":[{},{"time":0.3333,"x":-3.28,"y":-23.16}]},"left foot":{"translate":[{},{"time":0.2,"x":57.01,"y":-30.15},{"time":0.3333,"x":23.91,"y":-59.44},{"time":0.6667,"x":-11.19,"y":-32.57}]},"left foot2":{"rotate":[{},{"time":0.3333,"value":21.35}]},"right foot":{"translate":[{},{"time":0.5667,"x":23.01,"y":38.24},{"time":0.6667}]}},"attachments":{"default":{"backpack":{"backpack":{"deform":[{},{"time":0.3333,"vertices":[5.30237,3.28708,0.87378,9.87134,7.87225,6.02209,-3.94019,-9.09338,3.28058,24.49731,2.68683,19.57452,-8.71686,-17.73163,-10.23389,-18.34467,-12.22205,-20.65817,3.88828,11.93762,-7.45221,-10.10562,4.48993,-12.4375,-0.34552,13.21857,5.93991,-33.35565,-2.70801,-65.85529,-2.5481,-47.79865,-40.76184,-25.07816,0,0,0,0,0,0,0,0,-6.74277,-32.35748,-30.44604,-12.84845,-2.74411,-11.65936,-11.15015,-4.37134,0,0,0,0,0,0,0,0,-0.56339,-6.46014,-5.63184,-3.20917,2.71814,-3.86401,-1.62927,-4.4324,-1.01068,-4.61432,3.44809,10.32581,10.45728,3.03442,9.9458,4.4299,2.50916,0.58408,-4.29449,-4.01163,3.34763,19.04077,-14.97537,-56.47723,-5.86383,-31.55371,-29.28906,-13.11523,3.1792,1.55426,3.36664,17.03857,3.17709,13.56494,-7.28931,-11.87375]}]}},"head":{"head":{"deform":[{},{"time":0.3333,"vertices":[18.10547,15.12177,26.80054,9.95599,-28.34692,-3.71527,22.73535,7.80603,-23.90466,-2.52786,-2.20068,-6.43646,-3.29968,-9.65057,0.63733,6.09869,-1.98376,-5.80206,0.3739,-25.96954,-10.17615,-11.14972,1.66394,15.00623,-9.71777,-11.37433,1.16098,14.91785,-7.54373,24.69409,-15.69943,53.14343,-7.73642,45.35461,-43.23682,-15.75174,-18.65491,-13.85211,6.92627,22.18042,-23.06433,2.8313,-23.26477,15.33981,-37.7467,18.44086,-36.98096,12.30011,-30.24805,-16.32306,-33.16382,9.03687,-12.81958,-12.80481,-18.11646,-0.43332,0,0,0,0,0,0,0,0,6.83716,13.54584,-5.68542,14.06787,16.88147,33.46179,-14.05112,34.74536,-13.69839,33.10388,-16.18811,-19.77954,-9.74133,23.63062,-16.4838,48.43433,4.46399,-35.7973,-12.52612,-30.44733,-7.79733,31.98669,-30.07483,-13.41428,0,0,-38.57483,-8.75287,-12.25293,-14.92114,9.17407,17.02618,-12.74622,-14.54517,-6.76389,18.11877,-14.00684,-0.21201,0,0,12.74426,3.08594,1.00842,9.65076,4.86655,-8.39453,-3.13916,-9.18134,15.05994,4.2876,-11.34094,-26.71198,-6.55743,28.27136,-26.64172,-11.52798,-13.67871,-43.82349]}]}}}}}}}