{"skeleton":{"hash":"YeYalyV3Xsc","spine":"4.1.17","x":-342.7,"y":-22.37,"width":608.48,"height":1401.16,"images":"","audio":"C:/Users/fiabj/OneDrive/Skrivbord/Losing My Marbles_Character/character in spine/in spine"},"bones":[{"name":"root","rotation":-0.02,"x":-2953.35,"y":1638.57},{"name":"bone","parent":"root","length":155.92,"rotation":91.19,"x":2960.35,"y":-1188.28},{"name":"body","parent":"bone","length":150.69,"rotation":5.68,"x":213.7,"y":5.07},{"name":"bone2","parent":"bone","length":117.29,"rotation":-178.55,"x":-65.89,"y":-1.73},{"name":"left foot","parent":"bone","length":104.38,"rotation":-179.28,"x":-205.23,"y":-38.49},{"name":"left foot2","parent":"left foot","length":75.21,"rotation":59.76,"x":121.14,"y":15.68},{"name":"right foot","parent":"bone","length":107.9,"rotation":-178.73,"x":-233.07,"y":127.87},{"name":"right foot2","parent":"right foot","length":88.16,"rotation":44.25,"x":133.82,"y":9.33},{"name":"left arm","parent":"body","length":175.85,"rotation":-174.12,"x":127.62,"y":-120.63},{"name":"left arm2","parent":"left arm","length":140.52,"rotation":1.42,"x":184.9,"y":1.8},{"name":"left arm3","parent":"left arm2","length":54.65,"rotation":-7.03,"x":171.19,"y":0.89},{"name":"right arm","parent":"body","length":191.5,"rotation":168.22,"x":114.47,"y":165.31},{"name":"right arm2","parent":"right arm","length":134.21,"rotation":2.86,"x":213.43,"y":-4.29},{"name":"right arm3","parent":"right arm2","length":57.27,"rotation":12.81,"x":167.2,"y":-10.74},{"name":"head","parent":"body","length":215.17,"rotation":-3.99,"x":262.37,"y":-38.46},{"name":"head2","parent":"head","length":62.57,"rotation":-42.11,"x":280.19,"y":-112.8},{"name":"head3","parent":"head","length":69.72,"rotation":55.54,"x":227.73,"y":163.19},{"name":"head4","parent":"head","length":57.96,"rotation":-132.26,"x":35.24,"y":-119.28},{"name":"head5","parent":"head","length":74.84,"rotation":150.51,"x":41.16,"y":135.94},{"name":"backpack","parent":"body","length":133.09,"rotation":90.26,"x":0.35,"y":-91.4},{"name":"backpack2","parent":"backpack","length":144.8,"rotation":73.22,"x":297.63,"y":-139.96},{"name":"backpack3","parent":"backpack2","length":97.65,"rotation":-0.42,"x":173.55,"y":-53.06},{"name":"right foot3","parent":"right foot2","length":55.92,"rotation":44.98,"x":94.97,"y":3.26},{"name":"left foot3","parent":"left foot2","length":36.14,"rotation":20.98,"x":85.75,"y":-0.92}],"slots":[{"name":"red left arm","bone":"left arm","attachment":"red"},{"name":"purple left arm","bone":"left arm","attachment":"purple"},{"name":"turquoise left arm","bone":"left arm","attachment":"turquoise left arm"},{"name":"yellow left arm","bone":"left arm","attachment":"yellow"},{"name":"left foot","bone":"left foot","attachment":"left foot"},{"name":"right foot","bone":"right foot3","attachment":"right foot"},{"name":"red body","bone":"body","attachment":"red"},{"name":"turquoise body","bone":"body","attachment":"turquoise"},{"name":"yellow body","bone":"body","attachment":"yellow"},{"name":"purple body","bone":"body","attachment":"pruple"},{"name":"backpack","bone":"backpack3","attachment":"backpack"},{"name":"head","bone":"head","attachment":"head"},{"name":"red right arm","bone":"right arm","attachment":"red"},{"name":"purple right arm","bone":"right arm","attachment":"purple"},{"name":"turquoise right arm","bone":"right arm","attachment":"turquoise"},{"name":"yellow right arm","bone":"right arm","attachment":"yellow"},{"name":"blur body","bone":"root","attachment":"blur body"},{"name":"Layer 4","bone":"root","attachment":"Layer 4"},{"name":"blur head","bone":"root","attachment":"blur head"},{"name":"blur arm","bone":"root","attachment":"blur arm"},{"name":"blur foot right","bone":"root","attachment":"blur foot right"},{"name":"blur foot left","bone":"root","attachment":"blur foot left"},{"name":"blur side body","bone":"root","attachment":"blur side body"},{"name":"blur side head","bone":"root","attachment":"blur side head"},{"name":"blur side feet","bone":"root","attachment":"blur side feet"},{"name":"back","bone":"root","attachment":"back"}],"skins":[{"name":"default","attachments":{"back":{"back":{"x":2947.27,"y":-992.47,"width":544,"height":1282}},"backpack":{"backpack":{"type":"mesh","uvs":[1,0.48672,0.98628,0.89105,0.75046,1,0.38317,1,0.28163,0.99999,0.28062,0.84556,0.20348,0.82113,0.12662,0.80607,0.1177,0.86952,0.09942,1,0,1,0.01753,0.84581,0.03765,0.66887,0.09792,0.48109,0.14854,0.50508,0.19442,0.12466,0.32699,0.05081,0.40953,0.06788,0.48755,0.084,0.71365,0.04694,1,0,0.38637,0.63196,0.25733,0.58928,0.13625,0.73761,0.33494,0.22683,0.26232,0.17322,0.33877,0.61621,0.71077,0.55518],"triangles":[8,9,11,9,10,11,8,11,7,11,12,7,7,23,6,21,3,5,5,3,4,5,26,21,6,22,5,5,22,26,6,23,22,23,14,22,14,12,13,24,21,26,26,22,24,24,22,25,21,24,18,22,14,25,25,14,15,24,17,18,24,25,17,25,16,17,25,15,16,23,12,14,7,12,23,21,2,3,21,27,2,2,27,1,1,27,0,18,27,21,27,19,0,27,18,19,19,20,0],"vertices":[1,19,-50.33,-11.12,1,1,19,-25.65,133.3,1,2,19,91.32,158.43,0.95917,20,226.14,283.65,0.04083,2,19,265.9,136.6,0.44966,20,255.64,110.21,0.55034,2,19,314.16,130.57,0.37429,20,263.79,62.26,0.62571,3,19,307.71,75.04,0.26079,20,208.76,52.41,0.71253,21,34.43,105.72,0.02667,1,20,206.23,14.5,1,1,21,33.25,30.6,1,3,19,386.22,73.96,3.4E-4,20,230.39,-23.07,0.02344,21,56.62,30.4,0.97622,1,21,104.65,30.04,1,1,21,112.98,-16.85,1,1,21,56.56,-18.34,1,1,20,165.21,-73.05,1,1,20,93.36,-55.99,1,1,20,97.85,-30.63,1,2,19,316.31,-189.03,0.00314,20,-41.59,-32.05,0.99686,2,19,249.98,-207.69,0.10787,20,-78.6,26.07,0.89213,2,19,211.51,-196.65,0.24329,20,-79.13,66.08,0.75671,2,19,175.16,-186.22,0.44628,20,-79.64,103.9,0.55372,2,19,66.03,-186.1,0.88188,20,-111.03,208.42,0.11812,1,19,-72.18,-185.95,1,2,19,247.85,4.59,0.35725,20,124.03,89.38,0.64275,2,19,307.27,-18.41,0.05657,20,119.16,25.86,0.94343,1,20,181.83,-22.32,1,2,19,254.11,-143.99,0.11615,20,-16.42,40.51,0.88385,2,19,286.22,-167.56,0.02234,20,-29.72,2.96,0.97766,2,19,269.77,-3.89,0.23082,20,122.24,65.95,0.76918,2,19,90.21,-3.71,0.99926,20,70.58,237.91,7.4E-4],"hull":21,"edges":[42,36,2,0,0,40,20,22,26,28,28,44,22,16,18,20,16,18,22,24,24,26,28,46,24,46,36,48,50,44,30,50,28,30,50,48,42,52,52,44,48,52,16,14,14,46,12,44,14,12,8,10,10,42,12,10,30,32,32,34,34,36,50,34,6,8,42,6,36,38,38,40,0,54,54,42,38,54,2,4,4,6,54,4],"width":479,"height":362}},"blur arm":{"blur arm":{"x":3119.18,"y":-1046.3,"width":144,"height":512}},"blur body":{"blur body":{"x":2945.72,"y":-1208.77,"width":423,"height":859}},"blur foot left":{"blur foot left":{"x":3014.89,"y":-1522.36,"width":139,"height":218}},"blur foot right":{"blur foot right":{"x":2839.97,"y":-1524.97,"width":142,"height":224}},"blur head":{"blur head":{"x":2924.97,"y":-600.44,"width":466,"height":379}},"blur side body":{"blur side body":{"x":2866.46,"y":-1084.25,"width":471,"height":700}},"blur side feet":{"blur side feet":{"x":2918.47,"y":-1155.7,"width":328,"height":877}},"blur side head":{"blur side head":{"x":2934.46,"y":-522.22,"width":409,"height":527}},"head":{"head":{"type":"mesh","uvs":[0.93181,0.57938,0.92672,0.679,1,0.78209,0.99999,0.85558,0.89113,0.88835,0.82379,0.94302,0.7647,0.96855,0.36557,0.98405,0.26672,0.98968,0.14862,0.96452,0.07761,0.94576,0.00643,0.94307,0.04903,0.87292,0.06909,0.79309,0.08876,0.70218,0.09627,0.48461,0.0482,0.3448,0,0.2046,0.06838,0.14936,0.15289,0.17038,0.20833,0.18417,0.35406,0.06038,0.65225,0.02836,0.76097,0.05926,0.82259,0.0321,0.89543,0,0.9528,0.03529,0.94043,0.14691,0.92504,0.28582,0.92453,0.41357,0.41921,0.6317,0.75998,0.58172,0.39743,0.78424,0.83308,0.74786,0.82272,0.83574,0.40132,0.4096,0.72011,0.37694,0.76208,0.75381,0.76327,0.8513,0.36552,0.8959,0.14176,0.68149,0.12624,0.78643,0.09693,0.87225,0.18074,0.67853,0.1726,0.79137,0.14525,0.88099,0.36831,0.784,0.34529,0.89871,0.81728,0.74808,0.80064,0.84152,0.85538,0.58042],"triangles":[3,4,2,2,4,34,47,45,44,44,43,46,44,45,41,46,47,44,46,39,47,9,10,45,8,9,45,47,8,45,7,8,47,27,23,24,27,25,26,24,25,27,16,18,19,16,17,18,20,16,19,30,35,36,35,22,36,50,36,29,28,23,27,36,22,23,36,23,28,29,36,28,43,15,35,15,20,35,35,21,22,20,21,35,20,15,16,40,15,43,14,15,40,41,14,40,13,14,41,42,13,41,12,13,42,10,12,42,11,12,10,30,43,35,46,43,30,44,40,43,32,46,30,41,40,44,45,42,41,39,46,32,10,42,45,47,39,7,32,30,37,39,32,38,7,39,6,30,36,31,50,29,0,31,36,50,1,50,0,50,48,31,33,50,1,33,48,50,37,31,48,30,31,37,34,48,33,49,37,48,34,49,48,38,37,49,32,37,38,49,34,5,5,6,38,5,38,49,39,38,6,2,34,33,2,33,1,5,34,4],"vertices":[1,14,105.59,-157.5,1,2,14,64.62,-153.15,0.64857,17,7.41,44.22,0.35143,2,15,-145.14,-226.79,2.2E-4,17,59.11,29.64,0.99978,1,17,77.23,5.29,1,2,14,-21.05,-133.59,0.00286,17,46.54,-34.56,0.99714,1,14,-41.97,-101.72,1,1,14,-51.17,-74.81,1,1,14,-48.6,103.7,1,1,18,77.33,45.3,1,1,18,99.48,-7.71,1,2,14,-27.64,230.18,0.99429,18,111.05,-42.65,0.00571,1,14,-28.2,258.61,1,1,14,2.66,241.68,1,1,14,35.46,231.31,1,1,14,73.9,221.42,1,1,14,163.47,213.55,1,1,16,53.64,43.62,1,1,16,102.37,5.64,1,1,16,88.33,-29.82,1,1,16,51.62,-42.26,1,1,14,284.87,157.28,1,1,14,332.66,89.65,1,1,14,339.16,-44.13,1,1,14,323.97,-92.03,1,3,14,333.79,-120.1,0.00906,16,-173.21,-248,2.9E-4,15,44.66,30.52,0.99065,1,15,75.52,13.68,1,2,14,329.55,-178.17,0,15,80.45,-15.4,1,2,15,41.24,-40.27,0.993,17,-118.93,224.13,0.007,1,14,226.83,-160.57,1,1,14,174.15,-157.69,1,3,14,95.54,72.44,0.99714,16,-149.71,57.43,5.4E-4,18,-79.84,24.82,0.00231,1,14,108.49,-80.74,1,1,14,33.11,85.32,1,1,14,38.32,-109.92,1,2,14,2.3,-103.47,0.99143,17,8.78,-35.46,0.00857,1,14,187.55,75.81,1,1,14,193.85,-67.19,1,1,14,37.46,-78.1,1,1,14,-2.78,-76.61,1,2,14,-12.23,101.89,0.99714,18,26.44,56.51,0.00286,2,14,81.24,197.33,0.99945,16,-59.03,138.35,5.5E-4,1,14,38.43,206.45,1,1,14,1.76,220.3,1,3,14,81.58,179.87,0.99922,16,-72.92,127.76,5.4E-4,18,-4.37,-59.53,2.3E-4,1,18,33.68,-37.3,1,2,14,2.48,201.92,0.00571,18,71.3,-27.67,0.99429,2,14,34.41,98.37,0.282,18,-18.31,33.49,0.718,1,18,26.49,52.96,1,1,14,38.58,-102.86,1,1,14,0.42,-93.49,1,1,14,106.88,-123.35,1],"hull":30,"edges":[4,6,26,28,28,30,34,36,40,42,40,30,42,44,50,52,44,46,56,58,46,56,12,14,4,2,2,0,0,58,64,60,2,66,66,68,6,8,68,8,68,4,36,38,38,40,30,32,32,34,38,32,46,48,48,50,52,54,54,56,48,54,42,70,70,60,30,70,44,72,72,62,72,58,74,62,12,76,76,74,22,24,24,26,14,78,78,64,78,76,64,74,60,62,70,72,28,80,26,82,80,82,24,84,82,84,20,22,84,20,60,86,86,80,88,82,86,88,90,84,88,90,18,20,90,18,64,92,92,88,78,94,94,90,92,94,14,16,16,18,94,16,66,96,96,74,68,98,98,76,96,98,8,10,10,12,98,10,0,100,100,62,66,100],"width":447,"height":413}},"Layer 4":{"Layer 4":{"x":2737.49,"y":-1081.6,"width":136,"height":552}},"left foot":{"left foot":{"type":"mesh","uvs":[0.6725,0.42235,0.66258,0.50349,0.65554,0.56109,0.78899,0.6374,0.90185,0.69012,1,0.74683,0.96265,0.89635,0.89658,0.92582,0.73025,1,0.58516,0.94375,0.3452,0.83702,0.12866,0.73203,0.12005,0.61487,0.10796,0.4504,0.08716,0.16742,0.42366,0.11919,0.70535,0.1537,0.42401,0.64098,0.59672,0.73873,0.77466,0.81293,0.42397,0.58285,0.42391,0.48802,0.72756,0.84544,0.58343,0.58597,0.71007,0.67899,0.85146,0.73878],"triangles":[25,3,4,5,25,4,6,25,5,17,23,18,23,2,24,19,24,25,18,23,24,18,24,19,10,17,18,22,18,19,19,25,6,7,19,6,22,19,7,9,10,18,9,18,22,8,22,7,9,22,8,24,2,3,24,3,25,0,15,16,13,14,15,21,13,15,0,21,15,1,21,0,1,20,21,1,23,20,12,13,21,12,21,20,17,20,23,12,20,17,11,12,17,10,11,17,2,23,1],"vertices":[2,4,56.05,52.28,0.91249,5,-1.43,74.66,0.08751,2,4,76.9,49.65,0.72381,5,6.88,55.35,0.27619,2,4,91.71,47.79,0.62,5,12.77,41.64,0.38,2,5,45.03,36.77,0.58,23,-32.54,44.94,0.42,1,23,-7.49,38.47,1,1,23,15.13,30.17,1,1,5,106.7,-5.74,1,1,5,99.22,-17.8,1,1,5,79.67,-50.88,1,1,5,47.88,-51.65,1,2,4,160.85,-15.07,0.25208,5,-6.38,-49.82,0.74792,2,4,132.36,-56.37,0.85818,5,-56.42,-46.19,0.14182,2,4,102.1,-57.04,0.97878,5,-72.33,-20.44,0.02122,1,4,59.61,-57.98,1,1,4,-13.49,-59.6,1,1,4,-23.74,6.39,1,1,4,-13.01,60.99,1,2,4,110.81,1.97,0.76276,5,-17.05,1.96,0.23724,1,5,24.59,-4.1,1,1,5,64.22,-4.35,1,2,4,95.82,2.47,0.97646,5,-24.22,15.13,0.02354,2,4,71.36,3.27,0.99361,5,-35.92,36.62,0.00639,1,5,60.16,-16.1,1,2,4,98.6,31.99,0.4292,5,2.74,27.68,0.5708,1,5,33.67,16.19,1,2,5,64.68,17.79,0.39619,23,-12.97,25.01,0.60381],"hull":17,"edges":[30,32,36,34,20,36,4,6,10,12,20,22,28,30,22,34,16,18,18,20,12,38,38,36,6,8,8,10,22,24,40,34,24,40,4,2,40,2,24,26,26,28,30,42,42,40,26,42,2,0,0,32,42,0,18,44,44,38,12,14,14,16,44,14,4,46,46,34,6,48,48,36,46,48,8,50,50,38,48,50],"width":195,"height":258}},"right foot":{"right foot":{"type":"mesh","uvs":[0.29169,0.17315,0.58077,0.17315,0.54095,0.48247,0.53047,0.55392,0.53362,0.61083,0.59555,0.64121,0.7715,0.71968,0.86441,0.76105,1,0.83962,0.93535,0.92372,0.8163,0.95485,0.64365,0.99999,0.42341,0.92739,0.24809,0.86545,0.08277,0.69928,0.03026,0.64736,0.02544,0.57175,0.02242,0.48292,1.0E-5,0.17315,0.3119,0.62692,0.62991,0.77882,0.73755,0.8233,0.40822,0.67277,0.31876,0.5774,0.31595,0.53539,0.66263,0.84813],"triangles":[21,6,7,9,7,8,21,7,9,10,21,9,21,20,6,22,19,4,22,4,5,14,19,22,20,5,6,22,5,20,25,20,21,13,14,22,13,22,20,12,13,20,25,12,20,25,21,10,11,12,25,11,25,10,2,0,1,17,18,0,24,17,0,2,24,0,3,24,2,16,17,24,23,24,3,16,24,23,23,3,4,19,16,23,19,23,4,15,16,19,14,15,19],"vertices":[1,6,-21.77,2.01,1,1,6,-19.28,59.77,1,2,6,75.25,47.73,0.94963,7,-10.16,69.3,0.05037,2,6,97.08,44.7,0.75009,7,2.06,50.96,0.24991,2,6,114.56,44.58,0.36194,7,13.57,37.81,0.63806,2,6,124.41,56.55,0.1033,7,29.07,38.39,0.8967,1,7,71.48,41.97,1,1,22,19.9,35.85,1,1,22,50.08,15.89,1,1,22,41.31,-11.63,1,1,7,125.7,-3.08,1,2,7,106.04,-40.98,0.99714,22,-12.69,-43.8,0.00286,1,7,54.75,-50.63,1,1,7,18.6,-58.86,1,2,6,137.81,-46.68,0.56742,7,-39.23,-40.16,0.43258,2,6,121.44,-56.48,0.78613,7,-57.44,-34.43,0.21387,2,6,98.2,-56.45,0.94225,7,-72.84,-17.03,0.05775,2,6,70.93,-55.88,0.99923,7,-90.51,3.74,7.7E-4,1,6,-24.27,-56.27,1,2,6,117.59,0.06,0.68709,7,-17.7,5.99,0.31291,1,7,61.05,9.96,1,1,22,-0.63,14.52,1,2,6,132.48,18.7,0.08118,7,6.12,7.23,0.91882,2,6,102.46,2.09,0.99058,7,-26.23,18.65,0.00942,2,6,89.55,2.08,0.99742,7,-34.81,28.3,0.00258,2,7,80.16,-2.14,0.98571,22,-14.78,5.5,0.01429],"hull":19,"edges":[16,18,2,0,0,36,8,38,38,30,26,40,40,12,22,24,24,26,18,42,42,40,12,14,14,16,42,14,26,28,28,30,38,44,44,40,28,44,8,10,10,12,44,10,30,32,46,38,32,46,6,8,46,6,32,34,34,36,0,48,48,46,34,48,2,4,4,6,48,4,24,50,50,42,18,20,20,22,50,20],"width":200,"height":307}}}},{"name":"purple","attachments":{"purple body":{"pruple":{"name":"body3","type":"mesh","uvs":[0.95201,0.28949,0.96429,0.54187,0.97622,0.69497,0.99229,0.79187,1,0.83839,0.87446,0.91976,0.70384,0.95977,0.35824,1,0,0.92015,0.03132,0.80804,0.05596,0.71983,0.11969,0.59413,0.10937,0.34019,0.01617,0.03504,0.28633,0.02528,0.58013,0.01466,0.87888,0.00387,0.98585,0,0.66713,0.70407,0.62967,0.56197,0.57603,0.31211,0.68262,0.83191,0.38555,0.82102,0.83439,0.81229,0.40265,0.71089,0.806,0.70371,0.39208,0.57696,0.81736,0.5504,0.34741,0.32587,0.81803,0.29755],"triangles":[6,22,21,6,7,22,7,8,22,22,8,9,5,6,21,9,10,22,22,24,21,22,10,24,5,21,23,5,23,4,24,18,21,21,25,23,21,18,25,3,25,2,3,23,25,23,3,4,26,12,28,26,28,20,20,14,15,12,14,28,12,13,14,28,14,20,20,15,29,27,20,29,29,0,1,29,16,0,0,16,17,29,15,16,27,18,19,27,1,2,19,20,27,27,29,1,26,20,19,24,26,19,11,26,24,26,11,12,10,11,24,24,19,18,25,18,27,25,27,2],"vertices":[2,1,256.49,-141.01,0.18382,2,28.13,-149.59,0.81618,3,1,79.5,-142.47,0.90953,2,-148.14,-133.54,0.03503,3,-141.78,144.37,0.05544,2,1,-27.9,-145.23,0.50726,3,-34.35,144.42,0.49274,2,1,-95.95,-150.55,0.17244,3,33.82,148.01,0.82756,2,1,-128.62,-153.1,0.10143,3,66.54,149.73,0.89857,2,1,-184.55,-99.32,0.01123,3,121.1,94.56,0.98877,1,3,145.81,21.85,1,2,1,-236.29,118.1,0.02871,3,167.31,-124.1,0.97129,2,1,-177.19,267.01,0.15783,3,104.47,-271.46,0.84217,3,1,-98.89,252.25,0.25397,2,-286.62,276.89,0.00129,3,26.57,-254.73,0.74474,3,1,-37.29,240.64,0.41397,2,-226.47,259.24,0.01359,3,-34.72,-241.57,0.57244,3,1,50.25,212.11,0.6536,2,-142.18,222.19,0.11059,3,-121.51,-210.83,0.2358,3,1,228.31,212.72,0.2566,2,35.08,205.19,0.74178,3,-299.53,-206.94,0.00162,1,2,252.12,218.37,1,1,2,245.38,105.17,1,1,2,238.04,-17.94,1,1,2,230.58,-143.12,1,1,2,227.91,-187.94,1,2,1,-31.58,-15.61,0.50648,3,-33.95,14.75,0.49352,2,1,68.34,-2,0.99994,3,-134.18,3.66,6.0E-5,2,1,243.92,16.82,8.9E-4,2,31.23,8.71,0.99911,2,1,-121.31,-20.24,0.00192,3,55.87,17.1,0.99808,2,1,-111.09,104.05,0.14612,3,42.51,-106.89,0.85388,2,1,-108.88,-84.1,0.08832,3,45.07,81.26,0.91168,3,1,-34.05,95.28,0.49268,2,-237.62,114.27,0.0053,3,-34.28,-96.17,0.50202,2,1,-32.54,-73.79,0.49007,3,-31.52,72.89,0.50993,3,1,59.91,97.75,0.84086,2,-143.87,107.44,0.06889,3,-128.27,-96.26,0.09025,3,1,74.81,-80.79,0.95289,2,-146.71,-71.7,0.01175,3,-138.65,82.6,0.03536,3,1,236.27,112.8,0.18485,2,33.11,104.97,0.81514,3,-304.96,-106.85,1.0E-5,2,1,252.01,-84.77,0.15723,2,29.24,-93.18,0.84277],"hull":18,"edges":[24,26,0,34,0,2,20,22,16,14,22,24,2,4,12,14,36,38,38,40,40,30,16,18,18,20,42,36,4,6,6,8,42,12,18,44,44,42,14,44,8,10,6,46,46,42,10,46,10,12,20,48,48,36,44,48,4,50,50,36,46,50,22,52,52,38,48,52,2,54,54,38,50,54,24,56,56,40,52,56,0,58,58,40,54,58,26,28,28,30,56,28,30,32,32,34,58,32],"width":411,"height":693}},"purple left arm":{"purple":{"name":"left arm3","type":"mesh","uvs":[1,0.3658,1,0.41614,1,0.46927,1,0.75018,1,1,0.68384,0.99999,0.43251,1,0.35056,0.85524,0.14113,0.54633,0.09105,0.47964,0.00911,0.43233,0,0,0.25267,0.00273,1,0,0.48623,0.47089,0.46463,0.42983,0.50523,0.5197,0.57662,0.84594],"triangles":[4,5,17,6,17,5,4,17,3,7,8,17,2,14,1,16,14,2,8,14,16,3,16,2,17,16,3,8,16,17,6,7,17,12,13,0,15,12,0,1,15,0,10,11,12,10,12,15,14,15,1,9,10,15,9,15,14,8,9,14],"vertices":[2,8,151.44,92.45,0.69581,9,-40.46,87.75,0.30419,2,8,175.23,87.43,0.48296,9,-16.36,84.6,0.51704,2,8,200.34,82.12,0.2422,9,9.09,81.28,0.7578,1,9,143.63,63.73,1,1,10,81.11,64.29,1,1,10,84.66,10.98,1,1,10,87.49,-31.4,1,2,9,179.75,-51.66,0.99714,10,18.65,-49.87,0.00286,2,8,206.75,-67.58,0.44079,9,27.22,-67.46,0.55921,2,8,173.49,-69.21,0.82605,9,-5.81,-71.69,0.17395,2,8,148.27,-78.03,0.96983,9,-30.26,-82.46,0.03017,1,8,-56.36,-36.38,1,1,8,-46.25,4.86,1,1,8,-21.42,128.97,1,2,8,183.16,-2.99,0.28347,9,-1.36,-4.92,0.71653,1,8,163.01,-2.19,1,2,8,206.89,-4.72,0.03054,9,22.43,-4.78,0.96946,1,9,180.24,-13.2,1],"hull":14,"edges":[22,24,24,26,8,10,10,12,18,28,28,2,18,20,20,22,24,30,30,28,20,30,2,0,0,26,30,0,16,18,32,28,16,32,2,4,32,4,12,14,14,16,4,6,6,8,10,34,34,32,14,34,34,6],"width":161,"height":475}},"purple right arm":{"purple":{"name":"right arm3","type":"mesh","uvs":[0.96198,0.47214,0.96629,0.53142,0.97018,0.58492,0.98835,0.83484,1,0.99511,0.4951,0.99511,0,0.99511,0.06199,0.79296,0.14003,0.53849,0.15508,0.48943,0.1671,0.45024,0.27102,1.0E-5,0.64721,0.00252,0.99999,0.00488,0.57846,0.45114,0.57225,0.49165,0.56401,0.54541,0.52193,0.82001],"triangles":[5,3,4,5,6,17,17,6,7,5,17,3,17,7,16,9,10,15,15,0,1,16,9,15,16,15,1,8,9,16,16,1,2,16,7,8,17,16,2,17,2,3,14,10,11,12,14,11,14,12,13,0,14,13,15,10,14,15,14,0],"vertices":[2,11,195.18,59.07,0.68874,12,-24.01,61.41,0.31126,2,11,224.97,60.5,0.31737,12,5.52,65.58,0.68263,2,11,251.86,61.79,0.10353,12,32.17,69.34,0.89647,1,12,156.68,86.93,1,2,12,236.52,98.21,0.18508,13,91.75,90.87,0.81492,2,12,245.82,19.49,0.02034,13,83.37,12.04,0.97966,1,13,75.15,-65.25,1,1,12,152.83,-59.97,1,2,11,231.81,-69.09,0.08831,12,24.28,-62.83,0.91169,2,11,207.08,-67.36,0.29568,12,-0.51,-63.38,0.70432,2,11,187.33,-65.97,0.53784,12,-20.31,-63.82,0.46216,1,11,-39.48,-55.39,1,1,11,-39.71,3.69,1,1,11,-39.93,59.08,1,2,11,186.14,-1.39,0.98985,12,-27.44,0.37,0.01015,2,11,206.54,-1.85,0.27017,12,-7.09,1.79,0.72983,2,11,233.61,-2.46,0.00432,12,19.92,3.68,0.99568,1,12,157.86,13.33,1],"hull":14,"edges":[22,24,24,26,8,10,10,12,20,22,28,24,20,28,0,26,28,0,18,20,30,28,18,30,0,2,30,2,16,18,32,30,16,32,2,4,32,4,12,14,14,16,10,34,34,32,14,34,4,6,6,8,34,6],"width":149,"height":495}}}},{"name":"red","attachments":{"red body":{"red":{"name":"body","type":"mesh","uvs":[0.95201,0.28949,0.96429,0.54187,0.97622,0.69497,0.99229,0.79187,1,0.83839,0.87446,0.91976,0.70384,0.95977,0.35824,1,0,0.92015,0.03132,0.80804,0.05596,0.71983,0.11969,0.59413,0.10937,0.34019,0.01617,0.03504,0.28633,0.02528,0.58013,0.01466,0.87888,0.00387,0.98585,0,0.66713,0.70407,0.62967,0.56197,0.57603,0.31211,0.68262,0.83191,0.38555,0.82102,0.83439,0.81229,0.40265,0.71089,0.806,0.70371,0.39208,0.57696,0.81736,0.5504,0.34741,0.32587,0.81803,0.29755],"triangles":[6,22,21,6,7,22,7,8,22,22,8,9,5,21,23,5,6,21,5,23,4,23,3,4,22,24,21,24,18,21,21,25,23,21,18,25,9,10,22,22,10,24,3,25,2,3,23,25,26,12,28,26,28,20,27,20,29,29,0,1,12,14,28,12,13,14,28,14,20,20,15,29,20,14,15,29,16,0,29,15,16,0,16,17,10,11,24,11,26,24,24,19,18,24,26,19,25,18,27,25,27,2,27,18,19,27,1,2,26,11,12,26,20,19,19,20,27,27,29,1],"vertices":[2,1,256.49,-141.01,0.18382,2,28.13,-149.59,0.81618,3,1,79.5,-142.47,0.90953,2,-148.14,-133.54,0.03503,3,-141.78,144.37,0.05544,2,1,-27.9,-145.23,0.50726,3,-34.35,144.42,0.49274,2,1,-95.95,-150.55,0.17244,3,33.82,148.01,0.82756,2,1,-128.62,-153.1,0.10143,3,66.54,149.73,0.89857,2,1,-184.55,-99.32,0.01123,3,121.1,94.56,0.98877,1,3,145.81,21.85,1,2,1,-236.29,118.1,0.02871,3,167.31,-124.1,0.97129,2,1,-177.19,267.01,0.15783,3,104.47,-271.46,0.84217,3,1,-98.89,252.25,0.25397,2,-286.62,276.89,0.00129,3,26.57,-254.73,0.74474,3,1,-37.29,240.64,0.41397,2,-226.47,259.24,0.01359,3,-34.72,-241.57,0.57244,3,1,50.25,212.11,0.6536,2,-142.18,222.19,0.11059,3,-121.51,-210.83,0.2358,3,1,228.31,212.72,0.2566,2,35.08,205.19,0.74178,3,-299.53,-206.94,0.00162,1,2,252.12,218.37,1,1,2,245.38,105.17,1,1,2,238.04,-17.94,1,1,2,230.58,-143.12,1,1,2,227.91,-187.94,1,2,1,-31.58,-15.61,0.50648,3,-33.95,14.75,0.49352,2,1,68.34,-2,0.99994,3,-134.18,3.66,6.0E-5,2,1,243.92,16.82,8.9E-4,2,31.23,8.71,0.99911,2,1,-121.31,-20.24,0.00192,3,55.87,17.1,0.99808,2,1,-111.09,104.05,0.14612,3,42.51,-106.89,0.85388,2,1,-108.88,-84.1,0.08832,3,45.07,81.26,0.91168,3,1,-34.05,95.28,0.49268,2,-237.62,114.27,0.0053,3,-34.28,-96.17,0.50202,2,1,-32.54,-73.79,0.49007,3,-31.52,72.89,0.50993,3,1,59.91,97.75,0.84086,2,-143.87,107.44,0.06889,3,-128.27,-96.26,0.09025,3,1,74.81,-80.79,0.95289,2,-146.71,-71.7,0.01175,3,-138.65,82.6,0.03536,3,1,236.27,112.8,0.18485,2,33.11,104.97,0.81514,3,-304.96,-106.85,1.0E-5,2,1,252.01,-84.77,0.15723,2,29.24,-93.18,0.84277],"hull":18,"edges":[24,26,0,34,0,2,20,22,16,14,22,24,2,4,12,14,36,38,38,40,40,30,16,18,18,20,42,36,4,6,6,8,42,12,18,44,44,42,14,44,8,10,6,46,46,42,10,46,10,12,20,48,48,36,44,48,4,50,50,36,46,50,22,52,52,38,48,52,2,54,54,38,50,54,24,56,56,40,52,56,0,58,58,40,54,58,26,28,28,30,56,28,30,32,32,34,58,32],"width":419,"height":701}},"red left arm":{"red":{"name":"left arm","type":"mesh","uvs":[1,0.3658,1,0.41614,1,0.46927,1,0.75018,1,1,0.68384,0.99999,0.43251,1,0.35056,0.85524,0.14113,0.54633,0.09105,0.47964,0.00911,0.43233,0,0,0.25267,0.00273,1,0,0.48623,0.47089,0.46463,0.42983,0.50523,0.5197,0.57662,0.84594],"triangles":[4,5,17,6,17,5,4,17,3,7,8,17,2,14,1,16,14,2,8,14,16,3,16,2,17,16,3,8,16,17,6,7,17,12,13,0,15,12,0,1,15,0,10,11,12,10,12,15,14,15,1,9,10,15,9,15,14,8,9,14],"vertices":[2,8,151.44,92.45,0.69581,9,-40.46,87.75,0.30419,2,8,175.23,87.43,0.48296,9,-16.36,84.6,0.51704,2,8,200.34,82.12,0.2422,9,9.09,81.28,0.7578,1,9,143.63,63.73,1,1,10,81.11,64.29,1,1,10,84.66,10.98,1,1,10,87.49,-31.4,1,2,9,179.75,-51.66,0.99714,10,18.65,-49.87,0.00286,2,8,206.75,-67.58,0.44079,9,27.22,-67.46,0.55921,2,8,173.49,-69.21,0.82605,9,-5.81,-71.69,0.17395,2,8,148.27,-78.03,0.96983,9,-30.26,-82.46,0.03017,1,8,-56.36,-36.38,1,1,8,-46.25,4.86,1,1,8,-21.42,128.97,1,2,8,183.16,-2.99,0.28347,9,-1.36,-4.92,0.71653,1,8,163.01,-2.19,1,2,8,206.89,-4.72,0.03054,9,22.43,-4.78,0.96946,1,9,180.24,-13.2,1],"hull":14,"edges":[22,24,24,26,8,10,10,12,18,28,28,2,18,20,20,22,24,30,30,28,20,30,2,0,0,26,30,0,16,18,32,28,16,32,2,4,32,4,12,14,14,16,4,6,6,8,10,34,34,32,14,34,34,6],"width":169,"height":483}},"red right arm":{"red":{"name":"right arm","type":"mesh","uvs":[0.96198,0.47214,0.96629,0.53142,0.97018,0.58492,0.98835,0.83484,1,0.99511,0.4951,0.99511,0,0.99511,0.06199,0.79296,0.14003,0.53849,0.15508,0.48943,0.1671,0.45024,0.27102,1.0E-5,0.64721,0.00252,0.99999,0.00488,0.57846,0.45114,0.57225,0.49165,0.56401,0.54541,0.52193,0.82001],"triangles":[5,3,4,5,6,17,17,6,7,5,17,3,17,7,16,9,10,15,15,0,1,16,9,15,16,15,1,8,9,16,16,1,2,16,7,8,17,16,2,17,2,3,14,10,11,12,14,11,14,12,13,0,14,13,15,10,14,15,14,0],"vertices":[2,11,195.18,59.07,0.68874,12,-24.01,61.41,0.31126,2,11,224.97,60.5,0.31737,12,5.52,65.58,0.68263,2,11,251.86,61.79,0.10353,12,32.17,69.34,0.89647,1,12,156.68,86.93,1,2,12,236.52,98.21,0.18508,13,91.75,90.87,0.81492,2,12,245.82,19.49,0.02034,13,83.37,12.04,0.97966,1,13,75.15,-65.25,1,1,12,152.83,-59.97,1,2,11,231.81,-69.09,0.08831,12,24.28,-62.83,0.91169,2,11,207.08,-67.36,0.29568,12,-0.51,-63.38,0.70432,2,11,187.33,-65.97,0.53784,12,-20.31,-63.82,0.46216,1,11,-39.48,-55.39,1,1,11,-39.71,3.69,1,1,11,-39.93,59.08,1,2,11,186.14,-1.39,0.98985,12,-27.44,0.37,0.01015,2,11,206.54,-1.85,0.27017,12,-7.09,1.79,0.72983,2,11,233.61,-2.46,0.00432,12,19.92,3.68,0.99568,1,12,157.86,13.33,1],"hull":14,"edges":[22,24,24,26,8,10,10,12,20,22,28,24,20,28,0,26,28,0,18,20,30,28,18,30,0,2,30,2,16,18,32,30,16,32,2,4,32,4,12,14,14,16,10,34,34,32,14,34,4,6,6,8,34,6],"width":157,"height":503}}}},{"name":"turquoise","attachments":{"turquoise body":{"turquoise":{"name":"body4","type":"mesh","uvs":[0.95201,0.28949,0.96429,0.54187,0.97622,0.69497,0.99229,0.79187,1,0.83839,0.87446,0.91976,0.70384,0.95977,0.35824,1,0,0.92015,0.03132,0.80804,0.05596,0.71983,0.11969,0.59413,0.10937,0.34019,0.01617,0.03504,0.28633,0.02528,0.58013,0.01466,0.87888,0.00387,0.98585,0,0.66713,0.70407,0.62967,0.56197,0.57603,0.31211,0.68262,0.83191,0.38555,0.82102,0.83439,0.81229,0.40265,0.71089,0.806,0.70371,0.39208,0.57696,0.81736,0.5504,0.34741,0.32587,0.81803,0.29755],"triangles":[6,22,21,6,7,22,7,8,22,22,8,9,5,21,23,5,6,21,5,23,4,23,3,4,22,24,21,24,18,21,21,25,23,21,18,25,9,10,22,22,10,24,3,25,2,3,23,25,26,12,28,26,28,20,27,20,29,29,0,1,12,14,28,12,13,14,28,14,20,20,15,29,20,14,15,29,16,0,29,15,16,0,16,17,10,11,24,11,26,24,24,19,18,24,26,19,25,18,27,25,27,2,27,18,19,27,1,2,26,11,12,26,20,19,19,20,27,27,29,1],"vertices":[2,1,256.49,-141.01,0.18382,2,28.13,-149.59,0.81618,3,1,79.5,-142.47,0.90953,2,-148.14,-133.54,0.03503,3,-141.78,144.37,0.05544,2,1,-27.9,-145.23,0.50726,3,-34.35,144.42,0.49274,2,1,-95.95,-150.55,0.17244,3,33.82,148.01,0.82756,2,1,-128.62,-153.1,0.10143,3,66.54,149.73,0.89857,2,1,-184.55,-99.32,0.01123,3,121.1,94.56,0.98877,1,3,145.81,21.85,1,2,1,-236.29,118.1,0.02871,3,167.31,-124.1,0.97129,2,1,-177.19,267.01,0.15783,3,104.47,-271.46,0.84217,3,1,-98.89,252.25,0.25397,2,-286.62,276.89,0.00129,3,26.57,-254.73,0.74474,3,1,-37.29,240.64,0.41397,2,-226.47,259.24,0.01359,3,-34.72,-241.57,0.57244,3,1,50.25,212.11,0.6536,2,-142.18,222.19,0.11059,3,-121.51,-210.83,0.2358,3,1,228.31,212.72,0.2566,2,35.08,205.19,0.74178,3,-299.53,-206.94,0.00162,1,2,252.12,218.37,1,1,2,245.38,105.17,1,1,2,238.04,-17.94,1,1,2,230.58,-143.12,1,1,2,227.91,-187.94,1,2,1,-31.58,-15.61,0.50648,3,-33.95,14.75,0.49352,2,1,68.34,-2,0.99994,3,-134.18,3.66,6.0E-5,2,1,243.92,16.82,8.9E-4,2,31.23,8.71,0.99911,2,1,-121.31,-20.24,0.00192,3,55.87,17.1,0.99808,2,1,-111.09,104.05,0.14612,3,42.51,-106.89,0.85388,2,1,-108.88,-84.1,0.08832,3,45.07,81.26,0.91168,3,1,-34.05,95.28,0.49268,2,-237.62,114.27,0.0053,3,-34.28,-96.17,0.50202,2,1,-32.54,-73.79,0.49007,3,-31.52,72.89,0.50993,3,1,59.91,97.75,0.84086,2,-143.87,107.44,0.06889,3,-128.27,-96.26,0.09025,3,1,74.81,-80.79,0.95289,2,-146.71,-71.7,0.01175,3,-138.65,82.6,0.03536,3,1,236.27,112.8,0.18485,2,33.11,104.97,0.81514,3,-304.96,-106.85,1.0E-5,2,1,252.01,-84.77,0.15723,2,29.24,-93.18,0.84277],"hull":18,"edges":[24,26,0,34,0,2,20,22,16,14,22,24,2,4,12,14,36,38,38,40,40,30,16,18,18,20,42,36,4,6,6,8,42,12,18,44,44,42,14,44,8,10,6,46,46,42,10,46,10,12,20,48,48,36,44,48,4,50,50,36,46,50,22,52,52,38,48,52,2,54,54,38,50,54,24,56,56,40,52,56,0,58,58,40,54,58,26,28,28,30,56,28,30,32,32,34,58,32],"width":411,"height":693}},"turquoise left arm":{"turquoise left arm":{"name":"left arm4","type":"mesh","uvs":[1,0.3658,1,0.41614,1,0.46927,1,0.75018,1,1,0.68384,0.99999,0.43251,1,0.35056,0.85524,0.14113,0.54633,0.09105,0.47964,0.00911,0.43233,0,0,0.25267,0.00273,1,0,0.48623,0.47089,0.46463,0.42983,0.50523,0.5197,0.57662,0.84594],"triangles":[4,5,17,6,17,5,4,17,3,7,8,17,2,14,1,16,14,2,8,14,16,3,16,2,17,16,3,8,16,17,6,7,17,12,13,0,15,12,0,1,15,0,10,11,12,10,12,15,14,15,1,9,10,15,9,15,14,8,9,14],"vertices":[2,8,151.44,92.45,0.69581,9,-40.46,87.75,0.30419,2,8,175.23,87.43,0.48296,9,-16.36,84.6,0.51704,2,8,200.34,82.12,0.2422,9,9.09,81.28,0.7578,1,9,143.63,63.73,1,1,10,81.11,64.29,1,1,10,84.66,10.98,1,1,10,87.49,-31.4,1,2,9,179.75,-51.66,0.99714,10,18.65,-49.87,0.00286,2,8,206.75,-67.58,0.44079,9,27.22,-67.46,0.55921,2,8,173.49,-69.21,0.82605,9,-5.81,-71.69,0.17395,2,8,148.27,-78.03,0.96983,9,-30.26,-82.46,0.03017,1,8,-56.36,-36.38,1,1,8,-46.25,4.86,1,1,8,-21.42,128.97,1,2,8,183.16,-2.99,0.28347,9,-1.36,-4.92,0.71653,1,8,163.01,-2.19,1,2,8,206.89,-4.72,0.03054,9,22.43,-4.78,0.96946,1,9,180.24,-13.2,1],"hull":14,"edges":[22,24,24,26,8,10,10,12,18,28,28,2,18,20,20,22,24,30,30,28,20,30,2,0,0,26,30,0,16,18,32,28,16,32,2,4,32,4,12,14,14,16,4,6,6,8,10,34,34,32,14,34,34,6],"width":161,"height":475}},"turquoise right arm":{"turquoise":{"name":"right arm4","type":"mesh","uvs":[0.96198,0.47214,0.96629,0.53142,0.97018,0.58492,0.98835,0.83484,1,0.99511,0.4951,0.99511,0,0.99511,0.06199,0.79296,0.14003,0.53849,0.15508,0.48943,0.1671,0.45024,0.27102,1.0E-5,0.64721,0.00252,0.99999,0.00488,0.57846,0.45114,0.57225,0.49165,0.56401,0.54541,0.52193,0.82001],"triangles":[5,3,4,5,6,17,17,6,7,5,17,3,17,7,16,9,10,15,15,0,1,16,9,15,16,15,1,8,9,16,16,1,2,16,7,8,17,16,2,17,2,3,14,10,11,12,14,11,14,12,13,0,14,13,15,10,14,15,14,0],"vertices":[2,11,195.18,59.07,0.68874,12,-24.01,61.41,0.31126,2,11,224.97,60.5,0.31737,12,5.52,65.58,0.68263,2,11,251.86,61.79,0.10353,12,32.17,69.34,0.89647,1,12,156.68,86.93,1,2,12,236.52,98.21,0.18508,13,91.75,90.87,0.81492,2,12,245.82,19.49,0.02034,13,83.37,12.04,0.97966,1,13,75.15,-65.25,1,1,12,152.83,-59.97,1,2,11,231.81,-69.09,0.08831,12,24.28,-62.83,0.91169,2,11,207.08,-67.36,0.29568,12,-0.51,-63.38,0.70432,2,11,187.33,-65.97,0.53784,12,-20.31,-63.82,0.46216,1,11,-39.48,-55.39,1,1,11,-39.71,3.69,1,1,11,-39.93,59.08,1,2,11,186.14,-1.39,0.98985,12,-27.44,0.37,0.01015,2,11,206.54,-1.85,0.27017,12,-7.09,1.79,0.72983,2,11,233.61,-2.46,0.00432,12,19.92,3.68,0.99568,1,12,157.86,13.33,1],"hull":14,"edges":[22,24,24,26,8,10,10,12,20,22,28,24,20,28,0,26,28,0,18,20,30,28,18,30,0,2,30,2,16,18,32,30,16,32,2,4,32,4,12,14,14,16,10,34,34,32,14,34,4,6,6,8,34,6],"width":149,"height":495}}}},{"name":"yellow","attachments":{"yellow body":{"yellow":{"name":"body2","type":"mesh","uvs":[0.95201,0.28949,0.96429,0.54187,0.97622,0.69497,0.99229,0.79187,1,0.83839,0.87446,0.91976,0.70384,0.95977,0.35824,1,0,0.92015,0.03132,0.80804,0.05596,0.71983,0.11969,0.59413,0.10937,0.34019,0.01617,0.03504,0.28633,0.02528,0.58013,0.01466,0.87888,0.00387,0.98585,0,0.66713,0.70407,0.62967,0.56197,0.57603,0.31211,0.68262,0.83191,0.38555,0.82102,0.83439,0.81229,0.40265,0.71089,0.806,0.70371,0.39208,0.57696,0.81736,0.5504,0.34741,0.32587,0.81803,0.29755],"triangles":[6,22,21,6,7,22,7,8,22,22,8,9,5,21,23,5,6,21,5,23,4,23,3,4,22,24,21,24,18,21,21,25,23,21,18,25,9,10,22,22,10,24,3,25,2,3,23,25,26,12,28,26,28,20,27,20,29,29,0,1,12,14,28,12,13,14,28,14,20,20,15,29,20,14,15,29,16,0,29,15,16,0,16,17,10,11,24,11,26,24,24,19,18,24,26,19,25,18,27,25,27,2,27,18,19,27,1,2,26,11,12,26,20,19,19,20,27,27,29,1],"vertices":[2,1,256.49,-141.01,0.18382,2,28.13,-149.59,0.81618,3,1,79.5,-142.47,0.90953,2,-148.14,-133.54,0.03503,3,-141.78,144.37,0.05544,2,1,-27.9,-145.23,0.50726,3,-34.35,144.42,0.49274,2,1,-95.95,-150.55,0.17244,3,33.82,148.01,0.82756,2,1,-128.62,-153.1,0.10143,3,66.54,149.73,0.89857,2,1,-184.55,-99.32,0.01123,3,121.1,94.56,0.98877,1,3,145.81,21.85,1,2,1,-236.29,118.1,0.02871,3,167.31,-124.1,0.97129,2,1,-177.19,267.01,0.15783,3,104.47,-271.46,0.84217,3,1,-98.89,252.25,0.25397,2,-286.62,276.89,0.00129,3,26.57,-254.73,0.74474,3,1,-37.29,240.64,0.41397,2,-226.47,259.24,0.01359,3,-34.72,-241.57,0.57244,3,1,50.25,212.11,0.6536,2,-142.18,222.19,0.11059,3,-121.51,-210.83,0.2358,3,1,228.31,212.72,0.2566,2,35.08,205.19,0.74178,3,-299.53,-206.94,0.00162,1,2,252.12,218.37,1,1,2,245.38,105.17,1,1,2,238.04,-17.94,1,1,2,230.58,-143.12,1,1,2,227.91,-187.94,1,2,1,-31.58,-15.61,0.50648,3,-33.95,14.75,0.49352,2,1,68.34,-2,0.99994,3,-134.18,3.66,6.0E-5,2,1,243.92,16.82,8.9E-4,2,31.23,8.71,0.99911,2,1,-121.31,-20.24,0.00192,3,55.87,17.1,0.99808,2,1,-111.09,104.05,0.14612,3,42.51,-106.89,0.85388,2,1,-108.88,-84.1,0.08832,3,45.07,81.26,0.91168,3,1,-34.05,95.28,0.49268,2,-237.62,114.27,0.0053,3,-34.28,-96.17,0.50202,2,1,-32.54,-73.79,0.49007,3,-31.52,72.89,0.50993,3,1,59.91,97.75,0.84086,2,-143.87,107.44,0.06889,3,-128.27,-96.26,0.09025,3,1,74.81,-80.79,0.95289,2,-146.71,-71.7,0.01175,3,-138.65,82.6,0.03536,3,1,236.27,112.8,0.18485,2,33.11,104.97,0.81514,3,-304.96,-106.85,1.0E-5,2,1,252.01,-84.77,0.15723,2,29.24,-93.18,0.84277],"hull":18,"edges":[24,26,0,34,0,2,20,22,16,14,22,24,2,4,12,14,36,38,38,40,40,30,16,18,18,20,42,36,4,6,6,8,42,12,18,44,44,42,14,44,8,10,6,46,46,42,10,46,10,12,20,48,48,36,44,48,4,50,50,36,46,50,22,52,52,38,48,52,2,54,54,38,50,54,24,56,56,40,52,56,0,58,58,40,54,58,26,28,28,30,56,28,30,32,32,34,58,32],"width":411,"height":693}},"yellow left arm":{"yellow":{"name":"left arm2","type":"mesh","uvs":[1,0.3658,1,0.41614,1,0.46927,1,0.75018,1,1,0.68384,0.99999,0.43251,1,0.35056,0.85524,0.14113,0.54633,0.09105,0.47964,0.00911,0.43233,0,0,0.25267,0.00273,1,0,0.48623,0.47089,0.46463,0.42983,0.50523,0.5197,0.57662,0.84594],"triangles":[4,5,17,6,17,5,4,17,3,7,8,17,2,14,1,16,14,2,8,14,16,3,16,2,17,16,3,8,16,17,6,7,17,12,13,0,15,12,0,1,15,0,10,11,12,10,12,15,14,15,1,9,10,15,9,15,14,8,9,14],"vertices":[2,8,151.44,92.45,0.69581,9,-40.46,87.75,0.30419,2,8,175.23,87.43,0.48296,9,-16.36,84.6,0.51704,2,8,200.34,82.12,0.2422,9,9.09,81.28,0.7578,1,9,143.63,63.73,1,1,10,81.11,64.29,1,1,10,84.66,10.98,1,1,10,87.49,-31.4,1,2,9,179.75,-51.66,0.99714,10,18.65,-49.87,0.00286,2,8,206.75,-67.58,0.44079,9,27.22,-67.46,0.55921,2,8,173.49,-69.21,0.82605,9,-5.81,-71.69,0.17395,2,8,148.27,-78.03,0.96983,9,-30.26,-82.46,0.03017,1,8,-56.36,-36.38,1,1,8,-46.25,4.86,1,1,8,-21.42,128.97,1,2,8,183.16,-2.99,0.28347,9,-1.36,-4.92,0.71653,1,8,163.01,-2.19,1,2,8,206.89,-4.72,0.03054,9,22.43,-4.78,0.96946,1,9,180.24,-13.2,1],"hull":14,"edges":[22,24,24,26,8,10,10,12,18,28,28,2,18,20,20,22,24,30,30,28,20,30,2,0,0,26,30,0,16,18,32,28,16,32,2,4,32,4,12,14,14,16,4,6,6,8,10,34,34,32,14,34,34,6],"width":161,"height":475}},"yellow right arm":{"yellow":{"name":"right arm2","type":"mesh","uvs":[0.96198,0.47214,0.96629,0.53142,0.97018,0.58492,0.98835,0.83484,1,0.99511,0.4951,0.99511,0,0.99511,0.06199,0.79296,0.14003,0.53849,0.15508,0.48943,0.1671,0.45024,0.27102,1.0E-5,0.64721,0.00252,0.99999,0.00488,0.57846,0.45114,0.57225,0.49165,0.56401,0.54541,0.52193,0.82001],"triangles":[5,3,4,5,6,17,17,6,7,5,17,3,17,7,16,9,10,15,15,0,1,16,9,15,16,15,1,8,9,16,16,1,2,16,7,8,17,16,2,17,2,3,14,10,11,12,14,11,14,12,13,0,14,13,15,10,14,15,14,0],"vertices":[2,11,195.18,59.07,0.68874,12,-24.01,61.41,0.31126,2,11,224.97,60.5,0.31737,12,5.52,65.58,0.68263,2,11,251.86,61.79,0.10353,12,32.17,69.34,0.89647,1,12,156.68,86.93,1,2,12,236.52,98.21,0.18508,13,91.75,90.87,0.81492,2,12,245.82,19.49,0.02034,13,83.37,12.04,0.97966,1,13,75.15,-65.25,1,1,12,152.83,-59.97,1,2,11,231.81,-69.09,0.08831,12,24.28,-62.83,0.91169,2,11,207.08,-67.36,0.29568,12,-0.51,-63.38,0.70432,2,11,187.33,-65.97,0.53784,12,-20.31,-63.82,0.46216,1,11,-39.48,-55.39,1,1,11,-39.71,3.69,1,1,11,-39.93,59.08,1,2,11,186.14,-1.39,0.98985,12,-27.44,0.37,0.01015,2,11,206.54,-1.85,0.27017,12,-7.09,1.79,0.72983,2,11,233.61,-2.46,0.00432,12,19.92,3.68,0.99568,1,12,157.86,13.33,1],"hull":14,"edges":[22,24,24,26,8,10,10,12,20,22,28,24,20,28,0,26,28,0,18,20,30,28,18,30,0,2,30,2,16,18,32,30,16,32,2,4,32,4,12,14,14,16,10,34,34,32,14,34,4,6,6,8,34,6],"width":149,"height":495}}}}],"animations":{"idle":{"slots":{"back":{"rgba":[{"color":"ffffff00"}]},"blur arm":{"rgba":[{"color":"ffffff00"}]},"blur body":{"rgba":[{"color":"ffffff00"}]},"blur foot left":{"rgba":[{"color":"ffffff00"}]},"blur foot right":{"rgba":[{"color":"ffffff00"}]},"blur head":{"rgba":[{"color":"ffffff00"}]},"blur side body":{"rgba":[{"color":"ffffff00"}]},"blur side feet":{"rgba":[{"color":"ffffff00"}]},"blur side head":{"rgba":[{"color":"ffffff00"}]},"Layer 4":{"rgba":[{"color":"ffffff00"}]}},"bones":{"body":{"translate":[{},{"time":0.5,"x":-35.29,"y":-2.79},{"time":1.6667}]},"bone2":{"rotate":[{},{"time":0.6667,"value":10.51},{"time":1.2333,"value":-6.94},{"time":1.6667}],"translate":[{},{"time":0.5,"x":-17.74,"y":-1.68},{"time":1.6667}]},"right arm":{"rotate":[{"value":-7.28},{"time":0.7333,"value":11.62},{"time":1.6667,"value":-7.28}],"translate":[{"x":6.53,"y":-1.72},{"time":0.4667,"x":-11.45,"y":4.37},{"time":1.6667,"x":6.53,"y":-1.72}]},"left arm":{"rotate":[{"value":-4.12},{"time":0.7333,"value":5.61},{"time":1.6667,"value":-4.12}],"translate":[{"x":6.53,"y":-1.72},{"time":0.6,"x":-11.45,"y":4.37},{"time":1.6667,"x":6.53,"y":-1.72}]},"right arm2":{"rotate":[{},{"time":0.9,"value":17.39},{"time":1.4,"value":-3.38},{"time":1.6667}]},"left arm2":{"rotate":[{},{"time":0.9333,"value":4.73},{"time":1.4,"value":-3.38},{"time":1.6667}]},"head":{"rotate":[{},{"time":0.5,"value":-4.64},{"time":1.6667}]},"head5":{"rotate":[{"value":17.88},{"time":0.6667,"value":-38.42},{"time":1.6667,"value":17.88}]},"head4":{"rotate":[{"value":-24.99},{"time":0.6667,"value":42.3},{"time":1.6667,"value":-24.99}]},"backpack3":{"rotate":[{"value":13.98},{"time":0.1,"value":1.38},{"time":0.4,"value":13.98},{"time":0.6667,"value":-9.85},{"time":0.8667,"value":-32.87},{"time":1.1,"value":11.35},{"time":1.2333,"value":19.54},{"time":1.4,"value":-3.76},{"time":1.6667,"value":13.98}]},"backpack2":{"translate":[{},{"time":0.5,"x":1.38,"y":5.78},{"time":1.2333,"x":-2.99,"y":-15.07},{"time":1.6667}]},"right foot3":{"rotate":[{},{"time":0.9333,"value":30.75},{"time":1.6667}]},"right foot2":{"rotate":[{},{"time":0.8667,"value":21.71},{"time":1.6667}]},"left foot2":{"rotate":[{},{"time":0.6,"value":26.12},{"time":1.6667}]},"left foot3":{"rotate":[{},{"time":0.6,"value":16.55},{"time":1.6667}]}}},"idle2":{"slots":{"back":{"rgba":[{"color":"ffffff00"}]},"blur arm":{"rgba":[{"color":"ffffff00"}]},"blur body":{"rgba":[{"color":"ffffff00"}]},"blur foot left":{"rgba":[{"color":"ffffff00"}]},"blur foot right":{"rgba":[{"color":"ffffff00"}]},"blur head":{"rgba":[{"color":"ffffff00"}]},"blur side body":{"rgba":[{"color":"ffffff00"}]},"blur side feet":{"rgba":[{"color":"ffffff00"}]},"blur side head":{"rgba":[{"color":"ffffff00"}]},"Layer 4":{"rgba":[{"color":"ffffff00"}]}},"bones":{"body":{"rotate":[{},{"time":0.3333,"value":6.34},{"time":1.6667}]},"left foot":{"rotate":[{},{"time":0.4333,"value":-49.81},{"time":0.6333,"value":-27.69},{"time":0.7,"value":-50.9},{"time":0.8333,"value":-21.98},{"time":0.9667,"value":-50.9},{"time":1.6667}],"translate":[{},{"time":0.4333,"x":12.58,"y":7.64},{"time":1.6667}]},"backpack3":{"rotate":[{"value":8.03},{"time":0.3333,"value":-22.68},{"time":0.7333,"value":16.37},{"time":1,"value":-4.63},{"time":1.6667,"value":8.03}]},"backpack2":{"rotate":[{},{"time":0.3667,"value":-5.99},{"time":1.6667}]},"head5":{"rotate":[{},{"time":0.5,"value":-17.72},{"time":1.6667}]},"head4":{"rotate":[{},{"time":0.5,"value":-45.66},{"time":1.6667}]},"bone2":{"rotate":[{},{"time":0.4,"value":10.1},{"time":1.2,"value":-0.57},{"time":1.6667}]},"backpack":{"translate":[{},{"time":0.3667,"x":-2.23,"y":-2.77},{"time":1.6667}]}}},"idle3":{"slots":{"back":{"rgba":[{"color":"ffffff00"}]},"blur arm":{"rgba":[{"color":"ffffff00"}]},"blur body":{"rgba":[{"color":"ffffff00"}]},"blur foot left":{"rgba":[{"color":"ffffff00"}]},"blur foot right":{"rgba":[{"color":"ffffff00"}]},"blur head":{"rgba":[{"color":"ffffff00"}]},"blur side body":{"rgba":[{"color":"ffffff00"}]},"blur side feet":{"rgba":[{"color":"ffffff00"}]},"blur side head":{"rgba":[{"color":"ffffff00"}]},"Layer 4":{"rgba":[{"color":"ffffff00"}]}},"bones":{"head2":{"rotate":[{},{"time":1.0333,"value":16.99},{"time":1.2333,"value":-40.42},{"time":1.6667}]},"bone":{"translate":[{},{"time":0.3333,"x":-2.13,"y":33.32,"curve":"stepped"},{"time":0.8333,"x":-2.13,"y":33.32},{"time":1.6667}]},"right foot2":{"rotate":[{},{"time":0.3333,"value":-16.87,"curve":"stepped"},{"time":0.8333,"value":-16.87},{"time":1.6667}],"translate":[{},{"time":0.3333,"x":20.3,"curve":"stepped"},{"time":0.8333,"x":20.3},{"time":1.6667}]},"right foot3":{"rotate":[{},{"time":0.3333,"value":7.7},{"time":1.6667}]},"left foot2":{"rotate":[{},{"time":0.3333,"value":-20.46,"curve":"stepped"},{"time":0.8333,"value":-20.46},{"time":1.6667}],"translate":[{},{"time":0.3333,"x":25.38,"curve":"stepped"},{"time":0.8333,"x":25.38},{"time":1.6667}]},"right arm":{"rotate":[{},{"time":0.4,"value":-15.87},{"time":0.8,"value":37.34},{"time":1.1667,"value":-15.87},{"time":1.6667}]},"left arm":{"rotate":[{},{"time":0.4,"value":-19.16},{"time":0.8,"value":24.63},{"time":1.1667,"value":-19.16},{"time":1.6667}]},"right arm2":{"rotate":[{},{"time":0.5,"value":-15.7},{"time":0.9,"value":28.67},{"time":1.2333,"value":-15.7},{"time":1.6667}]},"left arm2":{"rotate":[{},{"time":0.5667,"value":8.19},{"time":0.9,"value":-6.46},{"time":1.0667,"value":8.19},{"time":1.4,"value":-6.46}]},"backpack3":{"rotate":[{"time":0.4},{"time":0.6667,"value":-20.35},{"time":0.9333,"value":25.33},{"time":1.2333,"value":-20.35},{"time":1.4667,"value":18.09},{"time":1.6667}]},"backpack2":{"rotate":[{},{"time":0.3,"value":-1.09},{"time":1.6667}],"translate":[{},{"time":0.3,"y":-17.56},{"time":1.6667}]},"body":{"rotate":[{},{"time":0.3667,"value":3.24},{"time":1.6667}]},"bone2":{"rotate":[{},{"time":0.3667,"value":6.42},{"time":0.8,"value":-7.22},{"time":1.6667}],"translate":[{},{"time":0.8,"x":-20.27,"y":7.23},{"time":1.6667}]},"head5":{"rotate":[{},{"time":0.5333,"value":10.16},{"time":1.2333,"value":-8.42},{"time":1.6667}]},"head4":{"rotate":[{},{"time":0.5333,"value":-38.12},{"time":1.2333,"value":7.28},{"time":1.6667}]}}},"jump":{"slots":{"back":{"rgba":[{"color":"ffffff00"}]},"blur arm":{"rgba":[{"color":"ffffff00"}]},"blur body":{"rgba":[{"color":"ffffff00"}]},"blur foot left":{"rgba":[{"color":"ffffff00"}]},"blur foot right":{"rgba":[{"color":"ffffff00"}]},"blur head":{"rgba":[{"color":"ffffff00"}]},"blur side body":{"rgba":[{"color":"ffffff00"}]},"blur side feet":{"rgba":[{"color":"ffffff00"}]},"blur side head":{"rgba":[{"color":"ffffff00"}]},"Layer 4":{"rgba":[{"color":"ffffff00"}]}},"bones":{"bone2":{"rotate":[{},{"time":0.1667,"value":-6.46},{"time":0.8,"value":5.39},{"time":0.8333,"value":6.67},{"time":1.3333,"value":-5.73},{"time":1.6667}],"translate":[{},{"time":0.3,"x":-91.52,"y":0.97},{"time":0.4333,"x":-68.34,"y":1.4},{"time":0.8333,"x":-22.01},{"time":1},{"time":1.2,"x":-34.61},{"time":1.6667}]},"body":{"rotate":[{},{"time":0.1667,"value":-5.98},{"time":0.9667}],"translate":[{},{"time":0.3,"x":-87.89,"y":-0.77},{"time":0.6,"x":-93.42,"y":-1.55},{"time":0.9667},{"time":1.4,"x":15.66,"y":-0.63},{"time":1.6667}]},"bone":{"translate":[{},{"time":0.1667,"y":-49.69},{"time":0.3,"y":-37.97},{"time":0.5,"y":-29.23},{"time":0.6667,"x":-0.03,"y":610.3},{"time":1.0333,"y":-33.73},{"time":1.1,"y":-84.85},{"time":1.2667,"y":-48.69},{"time":1.6667}],"scale":[{},{"time":0.1667,"x":0.878,"y":1.049},{"time":0.6667,"curve":"stepped"},{"time":0.9667},{"time":1.1,"x":0.867,"y":1.132},{"time":1.6667}]},"right foot2":{"rotate":[{},{"time":0.4333,"value":25.96},{"time":0.6667,"value":-35.53},{"time":1.4,"value":14.55},{"time":1.6667}]},"left foot2":{"rotate":[{"value":0.13},{"time":0.4333,"value":20.84},{"time":0.6667,"value":-46.09},{"time":1.4,"value":11.14},{"time":1.6667,"value":0.13}]},"right arm":{"rotate":[{},{"time":0.2667,"value":-19.77},{"time":0.7333},{"time":1.1667,"value":-14.17},{"time":1.5}],"translate":[{},{"time":1.0667,"x":18.38},{"time":1.1667,"x":38.41},{"time":1.6667}]},"left arm":{"rotate":[{},{"time":0.2667,"value":20.25},{"time":0.7333},{"time":1.1667,"value":16.98},{"time":1.5}],"translate":[{},{"time":1.0667,"x":3.66},{"time":1.1667,"x":32.41},{"time":1.6667}]},"backpack2":{"translate":[{},{"time":0.7,"x":5.98,"y":14.14},{"time":1.0667,"x":3.71,"y":-50.98},{"time":1.3667,"x":5.98,"y":17.36},{"time":1.6667}]},"head5":{"rotate":[{},{"time":0.4,"value":-30.11},{"time":0.7667,"value":26.74},{"time":1.1,"value":-26.85},{"time":1.6667}]},"head4":{"rotate":[{},{"time":0.4,"value":33.33},{"time":0.7667,"value":-40.27},{"time":1.1,"value":29.86},{"time":1.6667}]},"backpack3":{"rotate":[{},{"time":0.4333,"value":9.31},{"time":0.6},{"time":0.8333,"value":-36.75},{"time":1.1,"value":17.75},{"time":1.3,"value":-8.47},{"time":1.5333,"value":11.9},{"time":1.6667}]},"right arm2":{"rotate":[{},{"time":0.3667,"value":10.74},{"time":0.9333,"value":-9.24},{"time":1.6667}]},"left arm2":{"rotate":[{},{"time":0.3667,"value":-19.21},{"time":0.9333,"value":-4.13},{"time":1.6667}]},"left foot":{"translate":[{},{"time":1.0667,"x":27.71},{"time":1.1333,"x":28.25,"y":-1.09},{"time":1.6667}]},"right foot":{"translate":[{},{"time":1.0667,"x":29.7},{"time":1.1333,"x":38.44,"y":1.09},{"time":1.6667}]},"backpack":{"translate":[{},{"time":1.0667,"x":5.43,"y":-2.25},{"time":1.6667}]},"right foot3":{"rotate":[{},{"time":1.4333,"value":22.91},{"time":1.6667}]},"left foot3":{"rotate":[{},{"time":1.4333,"value":5.9},{"time":1.6667}]},"head":{"translate":[{},{"time":0.1667,"x":-20.42},{"time":0.6333}]}}},"turn front":{"slots":{"back":{"rgba":[{"color":"ffffff00"}]},"backpack":{"rgba":[{"color":"ffffffff"},{"time":0.3333,"color":"ffffff00"},{"time":0.6667,"color":"ffffffff"}]},"blur arm":{"rgba":[{"color":"ffffff00"},{"time":0.3333,"color":"ffffffff"},{"time":0.6667,"color":"ffffff00"}]},"blur body":{"rgba":[{"color":"ffffff00"},{"time":0.3333,"color":"ffffffff"},{"time":0.6667,"color":"ffffff00"}]},"blur foot left":{"rgba":[{"color":"ffffff00"},{"time":0.3333,"color":"ffffffff"},{"time":0.6667,"color":"ffffff00"}]},"blur foot right":{"rgba":[{"color":"ffffff00"},{"time":0.3333,"color":"ffffffff"},{"time":0.6667,"color":"ffffff00"}]},"blur head":{"rgba":[{"color":"ffffff00"},{"time":0.3333,"color":"ffffffff"},{"time":0.6667,"color":"ffffff00"}]},"blur side body":{"rgba":[{"color":"ffffff00"}],"attachment":[{"time":0.3333}]},"blur side feet":{"rgba":[{"color":"ffffff00"}],"attachment":[{"time":0.3333}]},"blur side head":{"rgba":[{"color":"ffffff00"}],"attachment":[{"time":0.3333}]},"head":{"rgba":[{"color":"ffffffff"},{"time":0.3333,"color":"ffffff00"},{"time":0.6667,"color":"ffffffff"}]},"Layer 4":{"rgba":[{"color":"ffffff00"},{"time":0.3333,"color":"ffffffff"},{"time":0.6667,"color":"ffffff00"}]},"left foot":{"rgba":[{"color":"ffffffff"},{"time":0.3333,"color":"ffffff00"},{"time":0.6667,"color":"ffffffff"}]},"red body":{"rgba":[{"color":"ffffffff"},{"time":0.3333,"color":"ffffff00"},{"time":0.6667,"color":"ffffffff"}]},"red left arm":{"rgba":[{"color":"ffffffff"},{"time":0.3333,"color":"ffffff00"},{"time":0.6667,"color":"ffffffff"}]},"red right arm":{"rgba":[{"color":"ffffffff"},{"time":0.3333,"color":"ffffff00"},{"time":0.6667,"color":"ffffffff"}]},"right foot":{"rgba":[{"color":"ffffffff"},{"time":0.3333,"color":"ffffff00"},{"time":0.6667,"color":"ffffffff"}]}},"bones":{"body":{"translate":[{},{"time":0.2667,"x":-4.15,"y":1.78},{"time":0.6667}]},"right arm":{"rotate":[{},{"time":0.2667,"value":-4.02},{"time":0.6667}],"scale":[{},{"time":0.2667,"y":0.878},{"time":0.6667}]},"bone2":{"translate":[{},{"time":0.2667,"x":0.21,"y":10.08},{"time":0.6667}]},"left arm2":{"rotate":[{},{"time":0.2667,"value":-1.72},{"time":0.6667}],"translate":[{},{"time":0.2667,"x":11.96,"y":-10.76},{"time":0.6667}]},"right foot2":{"rotate":[{},{"time":0.2667,"value":-24.36},{"time":0.6667}]},"left foot2":{"rotate":[{},{"time":0.2667,"value":-23.5},{"time":0.6667}]},"right foot":{"translate":[{},{"time":0.2,"x":64.91},{"time":0.2667,"x":35.11},{"time":0.3333},{"time":0.5667,"x":30.76,"y":0.63},{"time":0.6667}]},"backpack":{"translate":[{},{"time":0.2667,"x":6.05,"y":16.26},{"time":0.6667}]},"backpack2":{"translate":[{},{"time":0.2667,"x":-24.63,"y":3.29},{"time":0.6667}]},"bone":{"shear":[{"time":0.3333,"y":-180}]}},"attachments":{"default":{"head":{"head":{"deform":[{},{"time":0.3333,"vertices":[-14.33603,18.99062,-11.37225,18.05536,-5.7182,-20.55737,-27.79211,7.95798,-7.88354,-27.81216,-6.75568,-25.7482,-10.43723,19.53298,-7.43988,-20.86017,-6.32318,21.39356,-3.04941,26.81344,-0.58127,6.27673,5.26169,-8.00412,6.17801,-10.7067,-0.25375,10.05541,5.16974,-8.62854,-0.18579,6.33354,0.2225,-1.6894,0.63437,-2.73763,1.20255,-4.44315,9.46024,10.53417,18.3877,-3.06357,7.04626,-0.18628,2.05835,2.18198,4.00641,3.13107,0.38928,2.91844,-15.62167,-2.15771,-17.1434,10.05449,-13.97275,4.63754,-15.36804,5.58517,-4.09085,15.83145,-15.14746,-6.15817,-23.6033,-3.42041,-13.89453,14.19446,-19.827,1.21576,-9.95898,4.80954,-4.7821,-9.97049,-8.70407,11.22494,-16.29813,16.17783,-0.8187,28.83949,23.31509,16.99344,14.90854,-24.70126,-1.63058,37.09695,1.4006,24.1566,-4.72153,22.77606,-5.40005,21.20611,-12.06689,-18.25659,-4.07281,26.54274,-14.18842,29.54974,-0.79669,37.15556,-4.71393,26.14776,-0.43536,13.26551,6.90872,-11.33319,0.93427,1.19393,1.51251,-0.09445,0.19876,1.99409,-0.12982,3.97086,0.04321,3.98669,3.31079,2.22086,1.92465,-3.49237,4.36014,-7.20425,-0.5419,11.12452,5.94757,-9.41708,1.83252,23.68275,10.06244,-21.5173,7.52969,-12.69894,-2.87131,26.70576,-4.28571,21.05697,-0.03107,32.51471]},{"time":0.6667}]}}}}},"turn side":{"slots":{"back":{"rgba":[{"color":"ffffff00","curve":"stepped"},{"time":0.3333,"color":"ffffff00"},{"time":0.6667,"color":"ffffffff"}]},"backpack":{"rgba":[{"color":"ffffffff"},{"time":0.3333,"color":"ffffff00"}]},"blur arm":{"rgba":[{"color":"ffffff00"}],"attachment":[{"time":0.3333}]},"blur body":{"rgba":[{"color":"ffffff00"}],"attachment":[{"time":0.3333}]},"blur foot left":{"rgba":[{"color":"ffffff00"}],"attachment":[{"time":0.3333}]},"blur foot right":{"rgba":[{"color":"ffffff00"}],"attachment":[{"time":0.3333}]},"blur head":{"rgba":[{"color":"ffffff00"}],"attachment":[{"time":0.3333}]},"blur side body":{"rgba":[{"color":"ffffff00"},{"time":0.3333,"color":"ffffffff"},{"time":0.6667,"color":"ffffff00"}]},"blur side feet":{"rgba":[{"color":"ffffff00"},{"time":0.3333,"color":"ffffffff"},{"time":0.6667,"color":"ffffff00"}]},"blur side head":{"rgba":[{"color":"ffffff00"},{"time":0.3333,"color":"ffffffff"},{"time":0.6667,"color":"ffffff00"}]},"head":{"rgba":[{"color":"ffffffff"},{"time":0.3333,"color":"ffffff00"}]},"Layer 4":{"rgba":[{"color":"ffffff00"}],"attachment":[{"time":0.3333}]},"left foot":{"rgba":[{"color":"ffffffff"},{"time":0.3333,"color":"ffffff00"}]},"red body":{"rgba":[{"color":"ffffffff"},{"time":0.3333,"color":"ffffff00"}]},"red left arm":{"rgba":[{"color":"ffffffff"},{"time":0.3333,"color":"ffffff00"}]},"red right arm":{"rgba":[{"color":"ffffffff"},{"time":0.3333,"color":"ffffff00"}]},"right foot":{"rgba":[{"color":"ffffffff"},{"time":0.3333,"color":"ffffff00"}]}},"bones":{"right arm":{"translate":[{},{"time":0.3333,"x":3.24,"y":-37.24}]},"left arm":{"translate":[{},{"time":0.3333,"x":1.06,"y":29.24}]},"left arm2":{"rotate":[{},{"time":0.3333,"value":-10.4}]},"body":{"translate":[{},{"time":0.3333,"x":-0.19,"y":-9.47}]},"bone2":{"translate":[{},{"time":0.3333,"x":3.71,"y":-14.52}]},"right foot":{"translate":[{},{"time":0.2667,"x":36.58,"y":-27.48},{"time":0.3333,"x":21.79,"y":-47.72}]},"right foot2":{"rotate":[{},{"time":0.3333,"value":12.74}]},"left foot2":{"rotate":[{},{"time":0.3333,"value":13.34}]}},"attachments":{"default":{"backpack":{"backpack":{"deform":[{},{"time":0.3333,"offset":22,"vertices":[2.54218,3.89468,5.73181,5.96826,-7.8419,6.19421,3.66553,9.29526,3.59729,9.32236,3.40723,12.9483,-7.96869,11.23389,4.41034,22.69998,17.6684,2.78412,1.57849,-11.08664,-0.02002,-0.10071,15.42482,19.2467,22.87921,-9.2132,0,0,0,0,0,0,0,0,0,0,0,0,0,0,0,0,0,0,0,0,0,0,0,0,0,0,9.6084,10.28177,-15.02545,-16.03937,-19.69373,9.75598,1.31828,1.66101,1.96979,-0.78323]}]}},"head":{"head":{"deform":[{},{"time":0.3333,"vertices":[-8.17371,31.09332,-4.32947,31.33536,-20.28174,-24.27655,-32.72827,35.13953,-35.05298,-32.81964,-23.59448,-21.36133,1.70044,18.50776,-14.84259,-11.18732,2.86987,9.94661,1.89545,6.23996,-19.85333,-17.51311,3.13318,25.54443,-8.44763,31.83716,-2.18268,-17.09578,-6.51642,15.95453,-0.52515,-3.57556,-1.23358,-12.7594,0.28082,-11.74216,2.78809,-7.26883,3.8501,-14.11175,-12.44769,-15.29712,-28.51373,-15.85406,-22.58411,-16.37396,-24.7113,-21.13318,-0.29834,-42.60067,-9.521,-42.64145,-25.76605,-14.4156,-26.05768,7.42419,-25.58044,18.53831,0.81079,31.58167,-31.40881,-3.39716,-34.39752,-2.23102,-27.49146,21.85252,-35.04901,-2.22131,-26.53217,2.36731,-2.29694,-26.53729,-9.74414,24.88258,-7.42218,16.49786,2.15338,-28.13159,-21.97662,-17.69324,-15.72308,23.42645,-0.80945,4.14863,-0.99347,-30.03946,0.05463,12.90529,1.50348,10.96391,-9.12677,-6.26038,-3.44543,-34.18627,-10.13141,-11.19838,0.3457,5.46106,1.44366,7.26149,-12.60822,-26.95269,-2.29388,29.66663,3.12622,-8.57565,-5.30292,-7.42963,0.00226,-19.46101,-2.31238,-23.46962,3.05096,-8.4839,-5.26935,-7.31616,-6.83221,5.88245,-11.95947,23.72156,-4.43268,-31.21649,-11.50928,29.35333,-0.84772,-27.87318,-12.98383,24.67896,-2.85236,28.9165,0.47662,8.97178,1.59924,8.50425,-4.883,19.5234]}]}}}}}}}